Lemma;Descriptor;OlfN;TotalN;logFreq;Tokens;Category;Domain;OAI;OSI;Termhood;OAIquantile;THquantile;Concreteness;Imageability;Arousal;Dominance;Auditory;Gustatory;Haptic;Interoceptive;Olfactory;Visual;DominantModality;Valence
ACIDIC;acid;1522;23108;7.327780538;['acid_NN', 'acid_JJ'];Composition;Abstract;-3.924352136;8.894080767;4353.447756;0.637010676;0.958007117;4.25;;4.77;4.26;0.823529412;0.941176471;1.176470588;1.823529412;1.705882353;2.705882353;Visual;3.26
ACIDIC;acidic;650;1802;6.476972363;['acidic_JJ', 'acidic_NN'];Composition;Abstract;-1.471087388;10.1215375;2957.850373;0.790391459;0.939857651;3.54;;;;0.222222222;3.444444444;1.555555556;1.388888889;2.5;1.944444444;Gustatory;
ACIDIC;acidity;8687;1089;9.069582934;['acidity_NN'];Composition;Abstract;2.995854083;6.381191088;66534.32415;0.953024911;0.998932384;3.4;;;;0.666666667;3.142857143;1.428571429;1.380952381;1.428571429;2.047619048;Gustatory;
ALMONDY;almond;1213;5711;7.100851909;['almond_NN', 'almond_JJ'];Source;Source;-2.235163834;9.221469575;4902.484267;0.751245552;0.96227758;4.71;;2.89;6.46;0.277777778;4.611111111;3.333333333;0.333333333;2.166666667;4;Gustatory;6.05
ALMONDY;almondy;29;16;3.36729583;['almondy_JJ', 'almondy_NN'];Source;Source;0.857980995;14.60785241;191.5481039;0.899288256;0.688967972;;;;;;;;;;;;
ANISE;anise;888;658;6.788971743;['anise_NN', 'anise_JJ'];Source;Source;0.432472093;9.671417544;5236.787408;0.880782918;0.965480427;;;;;;;;;;;;
APPLE;apple;6891;70442;8.837971491;['apple_NN'];Source;Source;-3.353650608;6.715335768;22456.008;0.678647687;0.992170819;5;667.7;3.52;6.44;0.777777778;4.833333333;3.277777778;0.277777778;2.555555556;4.055555556;Gustatory;6.62
APPLE;appley;25;11;3.218875825;['appley_NN', 'appley_JJ'];Source;Source;1.184424571;14.82197722;172.9416025;0.911032028;0.675800712;;;;;;;;;;;;
APPLE__#__SKIN;apple__#__skin;347;20;5.84932478;['apple__#__skin_COLL'];Source;Source;4.116863758;11.02704156;1441.104685;0.974377224;0.9;;;;;;;;;;;;
APRICOT;apricot;2524;2278;7.833600224;['apricot_NN', 'apricot_JJ'];Source;Source;0.147944163;8.164337215;14364.88475;0.869039146;0.986120996;4.97;669.7;4.29;5.94;0.1875;4.125;3.4375;0.375;2.6875;4;Gustatory;5.95
AROMATIC;aromatic;741;1595;6.608000625;['aromatic_JJ', 'aromatic_NN'];Abstract;Abstract;-1.106010976;9.932503678;3579.503247;0.809252669;0.949822064;3.04;;;;0.111111111;0.833333333;0;0.611111111;4.888888889;0.666666667;Olfactory;
ASTRINGENT;astringency;160;42;5.075173815;['astringency_NN'];Abstract;Abstract;1.929610672;12.14390532;1121.326445;0.934875445;0.886120996;2;;;;0.933333333;0.6;1.4;0.866666667;1.533333333;1.2;Olfactory;
ASTRINGENT;astringent;528;260;6.269096284;['astringent_JJ'];Abstract;Abstract;1.022026306;10.42143929;3335.119678;0.906405694;0.945907473;3.21;;;;0.357142857;0.071428571;1.857142857;1.142857143;1.785714286;2.428571429;Visual;
ATTRACTIVE;attraction;15;14406;2.708050201;['attraction_NN'];Effect;Evaluative;-9.907491593;15.55894281;-16.68011644;0.160498221;0.230960854;2.24;382.4;5.4;4.62;2.060606061;0.96969697;2.242424242;3.272727273;1.636363636;3.515151515;Visual;7
ATTRACTIVE;attractive;1097;22498;7.00033446;['attractive_JJ'];Effect;Evaluative;-4.358161325;9.3664856;2817.195007;0.603558719;0.936654804;2.64;477.4;4.91;6.81;1.588235294;0.529411765;1.235294118;1.647058824;1.176470588;4.764705882;Visual;7.19
ATTRACTIVE;attractively;16;2;2.772588722;['attractively_JJ'];Effect;Evaluative;3;15.46583341;137.9466995;0.953380783;0.645551601;1.93;;;;0.904761905;0.238095238;0.19047619;0.80952381;0.238095238;4.095238095;Visual;
BACON;bacon;651;12279;6.478509642;['bacon_NN'];Source;Source;-4.237391719;10.11931968;1717.985982;0.611743772;0.910320285;4.9;688.2;4.16;6.11;1.2;4.45;2.7;0.65;4.25;3.9;Gustatory;7.52
BACON;bacon__#__fat;80;185;4.382026635;['bacon__#__fat_COLL'];Source;Source;-1.209453366;13.14390532;181.04708;0.804626335;0.682206406;;;;;;;;;;;;
BACON;bacony;25;9;3.218875825;['bacony_NN'];Source;Source;1.473931188;14.82197722;178.3597113;0.922064057;0.680071174;;;;;;;;;;;;
BAKED;baked;957;3529;6.863803391;['baked_JJ'];Composition;Abstract;-1.8826686;9.563458296;4103.846353;0.770818505;0.955516014;4.19;;;;0.823529412;3.941176471;2.117647059;0.411764706;4.058823529;4;Olfactory;
BAKED;baking;39;5693;3.663561646;['baking_NN'];Composition;Abstract;-7.189571166;14.18043119;22.23082106;0.352669039;0.381850534;4.1;;;;1.1;2.6;1.4;0.45;3.8;3.35;Olfactory;
BAKED__#__APPLE;baked__#__apple;337;85;5.82008293;['baked__#__apple_COLL'];Source;Source;1.987213845;11.06922863;1638.577262;0.935587189;0.907829181;;;;;;;;;;;;
BAKING__#__SPICE;baking__#__spice;342;5;5.834810737;['baking__#__spice_COLL'];Source;Source;6.09592442;11.0479809;1831.699707;0.995373665;0.913523132;;;;;;;;;;;;
BALANCED;balanced;1171;12841;7.065613364;['balanced_JJ'];Abstract;Abstract;-3.454944577;9.27230805;3728.500825;0.673309609;0.951245552;2.79;;;;0.444444444;0.555555556;1.277777778;2.5;0.111111111;2.333333333;Interoceptive;
BALANCED;balancing;20;1905;2.995732274;['balancing_NN'];Abstract;Abstract;-6.573647187;15.14390532;22.61069735;0.403558719;0.382562278;3.17;;;;0.294117647;0.058823529;2;1.235294118;0.235294118;3.647058824;Visual;
BALSAMIC;balsamic;356;1562;5.874930731;['balsamic_JJ', 'balsamic_NN'];Abstract;Abstract;-2.133445307;10.99009998;1469.759114;0.755871886;0.901779359;3.54;;;;0.3125;4.1875;1.125;0.3125;2.875;2.875;Gustatory;
BANANA;banana;696;11539;6.54534966;['banana_NN'];Source;Source;-4.051287085;10.02288991;1937.735783;0.627758007;0.917437722;5;435.9;3.21;6.05;0.157894737;4.473684211;2.210526316;0.157894737;2.473684211;3.894736842;Gustatory;6.71
BERRY;berry;10597;13371;9.268326221;['berry_NN', 'berry_JJ'];Category;Abstract;-0.33545147;6.094465133;56723.16374;0.848042705;0.998220641;4.93;634.3;;;0.111111111;4;2.555555556;0.277777778;2.055555556;3.555555556;Gustatory;
BERRY;wild__#__berry;1174;89;7.068172;['wild__#__berry_COLL'];Category;Abstract;3.721483262;9.268616717;5868.688037;0.967259786;0.969395018;;;;;;;;;;;;
BITTER;bitter;1300;16940;7.170119543;['bitter_JJ', 'bitter_NN'];Abstract;Abstract;-3.703850346;9.121537502;3928.069629;0.65658363;0.954092527;2.93;308.8;4.64;4.58;1.0625;4.25;0.1875;2.1875;1.5625;1;Gustatory;3.63
BITTER;bitterness;439;3692;6.084499413;['bitterness_NN'];Abstract;Abstract;-3.072109708;10.68775628;1509.764993;0.697864769;0.903914591;2.36;;5.1;4.62;0.6;3.8;0;1.8;1.45;0.85;Gustatory;3.15
BLACK__#__CHERRY;black__#__cherry;3996;1;8.29304914;['black__#__cherry_COLL'];Source;Source;11.96434087;7.501492542;27923.28812;0.999644128;0.99430605;;;;;;;;;;;;
BLACK__#__CURRANT;black__#__currant;1822;150;7.507690078;['black__#__currant_COLL'];Source;Source;3.602488553;8.634526166;9724.485027;0.963701068;0.978291815;;;;;;;;;;;;
BLACKBERRY;blackberry;9009;5380;9.105979357;['blackberry_NN', 'blackberry_JJ'];Source;Source;0.743760803;6.32868215;54965.29499;0.893594306;0.997508897;4.97;;3.24;5.45;0;4.25;1.8125;0;1.6875;3.5625;Gustatory;6.63
BLACKBERRY;blackberry__#__jam;462;52;6.135564891;['blackberry__#__jam_COLL'];Source;Source;3.151309323;10.61408437;2511.321865;0.95480427;0.929537367;;;;;;;;;;;;
BLUEBERRY;blueberry;1638;3449;7.401231264;['blueberry_NN'];Source;Source;-1.074242772;8.788113768;7917.67662;0.810320285;0.976512456;4.96;678.1;3.23;5.7;0.052631579;4.421052632;2.894736842;0.157894737;3.421052632;4.105263158;Gustatory;7.11
BODIED;bodied;1451;2277;7.280008253;['bodied_JJ'];Abstract;Abstract;-0.650086772;8.963001606;7438.67069;0.832384342;0.974733096;2.52;;;;0.375;0.5;1.4375;0.75;0.1875;2.1875;Visual;
BOLD;bold;950;15342;6.856461985;['bold_JJ', 'bold_NN'];Abstract;Abstract;-4.013415243;9.574049707;2656.652945;0.63024911;0.933096085;2.43;412.1;4.86;6.39;2;0.882352941;0.705882353;3.470588235;0.470588235;2.882352941;Interoceptive;6.68
BOYSENBERRY;boysenberry;471;97;6.154858094;['boysenberry_NN', 'boysenberry_JJ'];Source;Source;2.279670407;10.58625016;3360.108806;0.942704626;0.946263345;4.75;;3.19;5.8;0.1875;3.4375;2.625;0.375;1.75;3.4375;Visual;5.95
BRAMBLY;brambly;172;3;5.147494477;['brambly_NN', 'brambly_JJ'];Composition;Abstract;5.841302254;12.03956866;1676.167434;0.992882562;0.908896797;;;;;;;;;;;;
BRAMBLY;bramble;332;714;5.805134969;['bramble_NN', 'bramble_JJ'];Source;Source;-1.104740833;11.09079398;1609.384341;0.809964413;0.906761566;4.12;;;;0.666666667;0;1.25;0.083333333;0.083333333;2.416666667;Visual;
BRIARY;briar;40;533;3.688879454;['briar_NN'];Source;Source;-3.736063628;14.14390532;125.7741246;0.653736655;0.628113879;4.44;;4;4.58;0.285714286;0.142857143;2.428571429;0.428571429;0.5;3.214285714;Visual;4.95
BRIARY;briary;355;5;5.872117789;['briary_JJ', 'briary_NN'];Source;Source;6.14974712;10.9941582;3475.971183;0.996441281;0.948754448;;;;;;;;;;;;
BRIGHT;bright;4231;60073;8.350193651;['bright_JJ', 'bright_NN'];Abstract;Abstract;-3.827646122;7.41905044;12395.79895;0.647330961;0.982206406;3.92;457.55;5;6.38;0.176470588;0;0.352941176;0.705882353;0.058823529;4.705882353;Visual;6.84
BRIGHT;brighten;14;349;2.63905733;['brighten_JJ', 'brighten_NN'];Abstract;Abstract;-4.639728304;15.65847849;28.4189927;0.577580071;0.406049822;3.41;372;5.32;6.77;0.3;0.05;0.2;0.6;0.25;4.15;Visual;7.37
BRIGHT;brightened;25;1;3.218875825;['brightened_JJ'];Abstract;Abstract;4.64385619;14.82197722;237.6847748;0.982918149;0.717437722;;;;;;;;;;;;
BRIGHT;brightness;93;4255;4.532599493;['brightness_NN'];Abstract;Abstract;-5.515784605;12.9266746;167.2962765;0.501067616;0.672953737;3.43;;4.39;5.79;0.235294118;0.235294118;0.176470588;0.823529412;0.176470588;5;Visual;7.05
BRISK;brisk;526;2833;6.265301213;['brisk_JJ', 'brisk_NN'];Abstract;Abstract;-2.429195897;10.42691442;2043.848217;0.739857651;0.921352313;2.5;376.5;5.3;6.11;1;0.470588235;1.294117647;1.647058824;0.352941176;1.588235294;Interoceptive;5.86
BUTTERED__#__TOAST;buttered__#__toast;807;20;6.693323668;['buttered__#__toast_COLL'];Source;Source;5.334496768;9.809408547;5404.969955;0.988967972;0.966548043;;;;;;;;;;;;
BUTTERSCOTCH;butterscotch;604;480;6.403574198;['butterscotch_NN', 'butterscotch_JJ'];Source;Source;0.331514144;10.22742867;3523.31556;0.876512456;0.949466192;4.58;;3.48;5.68;0.727272727;4.272727273;1.681818182;1.181818182;3.090909091;2.909090909;Gustatory;6.55
BUTTERSCOTCH;butterscotchy;17;4;2.833213344;['butterscotchy_JJ'];Source;Source;2.087462841;15.37837057;133.5924764;0.938078292;0.63772242;;;;;;;;;;;;
BUTTERY;butter;494;28502;6.202535517;['butter_NN'];Source;Source;-5.850408305;10.51746618;752.3024215;0.470106762;0.851245552;4.9;441.65;3.37;5.67;0.388888889;4.611111111;2.833333333;0.444444444;2.611111111;3.777777778;Gustatory;6.36
BUTTERY;buttered;105;36;4.65396035;['buttered_JJ'];Source;Source;1.544320516;12.75158789;712.0534774;0.924911032;0.845907473;4.07;;;;0.055555556;3.5;2.111111111;0;1.722222222;3.388888889;Gustatory;
BUTTERY;buttery;483;1201;6.180016654;['buttery_NN'];Source;Source;-1.314141057;10.54995403;2247.891362;0.797508897;0.925266904;3.68;;;;0.434782609;3.826086957;2.086956522;0.826086957;2.173913043;2.304347826;Gustatory;
CARAMEL;caramel;1487;2560;7.304515946;['caramel_NN'];Category;Abstract;-0.783739163;8.927644478;7485.910829;0.82633452;0.975088968;4.73;;4.29;6.05;0.176470588;4.352941176;1.294117647;0.529411765;2.117647059;3.411764706;Gustatory;6.68
CARAMEL;caramelized;35;137;3.555348061;['caramelized_JJ'];Composition;Abstract;-1.968749066;14.33655039;139.247827;0.762989324;0.646975089;;;;;;;;;;;;
CASSIS;cassis;3114;129;8.043663352;['cassis_NN'];Source;Source;4.593325974;7.861280181;27286.37367;0.981850534;0.993950178;;;;;;;;;;;;
CEDAR;cedar;1732;6376;7.457032089;['cedar_NN'];Source;Source;-1.880212699;8.707610195;7423.253745;0.771174377;0.974377224;4.83;;3.21;5.1;0.133333333;0;2.2;0;2.466666667;3.466666667;Visual;6.32
CEDAR;cedar__#__wood;37;35;3.610917913;['cedar__#__wood_COLL'];Source;Source;0.080170349;14.25638004;157.4241076;0.866548043;0.662989324;;;;;;;;;;;;
CEDAR;cedary;115;5;4.744932128;['cedary_JJ', 'cedary_NN'];Source;Source;4.523561956;12.62034336;985.3326766;0.980427046;0.877580071;;;;;;;;;;;;
CHALKY;chalk;156;3112;5.049856007;['chalk_NN'];Source;Source;-4.318224126;12.18043119;409.3936588;0.606761566;0.787188612;4.9;651.7;2.9;5.48;1.363636364;0.590909091;3.590909091;0.272727273;1.227272727;4.136363636;Visual;5
CHALKY;chalky;456;572;6.12249281;['chalky_JJ', 'chalky_NN'];Source;Source;-0.326981323;10.6329434;2453.788954;0.848398577;0.928469751;4.14;;;;0.444444444;2.388888889;2.666666667;0.444444444;0.722222222;2.333333333;Haptic;
CHALKY;chalkiness;24;10;3.17805383;['chalkiness_NN'];Source/Abstract;Abstract;1.263034406;14.88087091;167.9530508;0.913879004;0.67366548;3.37;;;;0.111111111;2.666666667;2.833333333;0.388888889;0.5;2.666666667;Haptic;
CHARD;chard;306;369;5.723585102;['chard_NN'];Source;Source;-0.270089163;11.20844557;1640.703942;0.850533808;0.908185053;;;;;;;;;;;;
CHARD;chards;21;4;3.044522438;['chards_NN'];Source;Source;2.392317423;15.07351599;166.5773174;0.944839858;0.671886121;;;;;;;;;;;;
CHERRY;cherry;15435;13928;9.644392937;['cherry_NN'];Source;Source;0.148217375;5.551915548;87767.47779;0.869395018;0.999288256;4.62;661.8;4.91;5.63;0.142857143;4.285714286;2.678571429;0.5;2.321428571;3.5;Gustatory;7.05
CHERRY;cherry__#__candy;155;11;5.043425117;['cherry__#__candy_COLL'];Source;Source;3.816692787;12.189709;817.0118819;0.968327402;0.860498221;;;;;;;;;;;;
CHERRY;cherry__#__jam;275;15;5.616771098;['cherry__#__jam_COLL'];Source;Source;4.196397213;11.3625456;1518.770577;0.976156584;0.904626335;;;;;;;;;;;;
CHERRY;cherry__#__pie;432;295;6.068425588;['cherry__#__pie_COLL'];Source;Source;0.550316358;10.71094591;1937.920215;0.886120996;0.917793594;;;;;;;;;;;;
CHEWY;chewiness;16;20;2.772588722;['chewiness_NN'];Composition;Abstract;-0.321928095;15.46583341;96.5001678;0.848754448;0.586476868;;;;;;;;;;;;
CHEWY;chewy;944;1007;6.850126166;['chewy_JJ', 'chewy_NN'];Composition;Abstract;-0.093204919;9.583190361;5221.597658;0.856939502;0.965124555;3.19;400;3.82;5.53;0.444444444;3.555555556;2.333333333;1.055555556;0.555555556;1.333333333;Gustatory;5.37
CHOCOLATE;chocolate;3945;27965;8.280204233;['chocolate_NN', 'chocolate_JJ'];Source;Source;-2.825525125;7.520023825;14310.8716;0.715658363;0.985765125;4.72;685.3;5.14;5.88;0.611111111;4.555555556;2.444444444;1.111111111;3.444444444;3.388888889;Gustatory;7.63
CHOCOLATE;chocolatey;31;112;3.433987204;['chocolatey_JJ', 'chocolatey_NN'];Source;Source;-1.853158612;14.5116371;124.6928172;0.772597865;0.627046263;;;;;;;;;;;;
CHOCOLATE;chocolaty;540;120;6.29156914;['chocolaty_NN', 'chocolaty_JJ'];Source;Source;2.169925001;10.38901781;3841.881029;0.941281139;0.953024911;3.45;;;;0.052631579;4.368421053;0.789473684;0.789473684;2.684210526;2.631578947;Gustatory;
CHUNKY;chunky;621;1725;6.431331082;['chunky_JJ', 'chunky_NN'];Abstract;Abstract;-1.473931188;10.18738395;2842.507735;0.790035587;0.937010676;3.69;;3.41;4.14;0.631578947;1.105263158;2.105263158;1.105263158;0.315789474;4;Visual;4.1
CINNAMON;cinnamon;1604;6335;7.380255788;['cinnamon_NN', 'cinnamon_JJ'];Source;Source;-1.981670478;8.818374984;6762.343536;0.761921708;0.972953737;4.85;;3.72;5.91;0.133333333;4.333333333;1.2;0.733333333;3.066666667;2.066666667;Gustatory;6.75
CITRUS;citric;303;227;5.713732806;['citric_JJ', 'citric_NN'];Category;Abstract;0.416625496;11.22265943;1767.787078;0.880427046;0.912099644;3.19;;;;0.625;3.625;0.8125;0.25;2.3125;1.8125;Gustatory;
CITRUS;citron;17;298;2.833213344;['citron_NN'];Category;Abstract;-4.131705679;15.37837057;51.687293;0.623131673;0.488256228;;;;;;;;;;;;
CITRUS;citrus;5922;3143;8.686429509;['citrus_NN', 'citrus_JJ'];Category;Abstract;0.913942218;6.933964635;36809.1419;0.901423488;0.995729537;4.21;;4.16;6.46;0.3125;4.46875;1.8125;0.25;3.3125;3.1875;Gustatory;6.36
CITRUS;citrus__#__fruit;519;307;6.251903883;['citrus__#__fruit_COLL'];Category;Abstract;0.757495883;10.44624268;2960.699402;0.894661922;0.940213523;;;;;;;;;;;;
CITRUS;citrusy;844;168;6.738152495;['citrusy_JJ', 'citrusy_NN'];Category;Abstract;2.328781766;9.744734221;6089.890815;0.944483986;0.970818505;;;;;;;;;;;;
CLEAN;clean;3557;64041;8.176672772;['clean_JJ', 'clean_NN'];Abstract;Abstract;-4.170262956;7.669388151;9586.72873;0.619572954;0.977935943;3.07;323.2;3.57;6.11;0.1875;0.625;2.875;1.1875;2.6875;4.6875;Visual;7.09
CLOVE;clove;1075;5630;6.980075941;['clove_NN'];Source;Source;-2.388798262;9.395712466;4215.253894;0.741637011;0.957295374;4.42;566.7;3.32;5.54;0.214285714;3.285714286;1.214285714;0.357142857;3.928571429;3.071428571;Olfactory;5.53
COCOA;cocoa;1087;3883;6.991176887;['cocoa_NN'];Source;Source;-1.836819767;9.379697185;4677.519133;0.77366548;0.960498221;4.89;;5;6.32;0.235294118;4.647058824;1.294117647;0.294117647;3.823529412;3.470588235;Gustatory;7.33
COCOA;cocoa__#__powder;52;444;3.951243719;['cocoa__#__powder_COLL'];Source;Source;-3.093976148;13.76539369;148.0345709;0.697153025;0.656227758;;;;;;;;;;;;
COCONUT;coconut;546;5501;6.302618976;['coconut_NN'];Source;Source;-3.332721047;10.37307627;1781.163596;0.680427046;0.912455516;4.79;;4.67;5.76;0.476190476;4.380952381;3;0.333333333;3.380952381;3.666666667;Gustatory;6.55
COCONUT;coconutty;19;8;2.944438979;['coconutty_JJ'];Source;Source;1.247927513;15.2179059;109.6374442;0.91316726;0.604982206;;;;;;;;;;;;
COFFEE;coffee;2576;68532;7.853993087;['coffee_NN'];Source;Source;-4.733573292;8.134916532;5937.652186;0.569395018;0.970106762;4.81;673.5;5.1;6.12;1;4.611111111;1.722222222;1.555555556;4.277777778;4;Gustatory;7
COFFEE;coffee__#__bean;40;536;3.688879454;['coffee__#__bean_COLL'];Source;Source;-3.744161096;14.14390532;84.49253272;0.652669039;0.568327402;;;;;;;;;;;;
COLA;cola;2822;5678;7.945201132;['cola_NN'];Source;Source;-1.008664861;8.003331137;13776.0124;0.814234875;0.984341637;4.79;628.6;4.29;6;1.5;4.45;1.45;1.65;1.55;2.9;Gustatory;5.67
COMPLEX;complex;1978;69192;7.589841512;['complex_JJ', 'complex_NN'];Abstract;Abstract;-5.128490911;8.516006699;4010.222778;0.534163701;0.95480427;1.96;317.75;4.6;5.25;2.473684211;0.684210526;1.052631579;1.789473684;0.578947368;3.052631579;Visual;4.21
COMPLEX;complexity;1099;16832;7.002155954;['complexity_NN'];Abstract;Abstract;-3.936943318;9.363857739;3132.354957;0.63594306;0.94341637;1.87;;5.13;5.84;2.722222222;1.555555556;1.777777778;2.333333333;1.222222222;3.722222222;Visual;5.37
COMPLEX;complicated;43;28900;3.761200116;['complicated_JJ'];Abstract;Abstract;-9.392517118;14.03956866;-37.97144374;0.197508897;0.161565836;2.21;334.3;5.75;5.79;2.111111111;0.333333333;0.5;0.777777778;0.333333333;2.666666667;Visual;3.82
CONCENTRATED;concentrated;1272;3678;7.148345744;['concentrated_JJ', 'concentrated_NN'];Strong;Evaluative;-1.531822809;9.152950455;5761.646302;0.788256228;0.968683274;2.38;;;;0.764705882;0.411764706;0.176470588;0.823529412;0.294117647;1.705882353;Visual;
CONCENTRATED;concentration;710;25380;6.56526497;['concentration_NN'];Strong;Evaluative;-5.159729234;9.994158196;1421.531047;0.530960854;0.898576512;2.1;;4;6.63;0.947368421;0.052631579;0.157894737;3;0.052631579;2.368421053;Interoceptive;5.45
CRANBERRY;cranberry;992;4075;6.899723107;['cranberry_NN', 'cranberry_JJ'];Source;Source;-2.038388034;9.5116371;4146.3329;0.759430605;0.956227758;4.96;;3.64;5.74;0.052631579;4.473684211;1.736842105;0.263157895;2.368421053;3.210526316;Gustatory;6.36
CRANBERRY;cranberryish;16;1;2.772588722;['cranberryish_JJ'];Source;Source;4;15.46583341;150.4233487;0.971174377;0.658007117;;;;;;;;;;;;
CREAMY;creaminess;125;115;4.828313737;['creaminess_NN'];Source;Source;0.120294234;12.50004913;719.7909904;0.867259786;0.848042705;3.19;;;;0.263157895;3.368421053;2.947368421;0.473684211;0.631578947;3.105263158;Gustatory;
CREAMY;creamy;3301;4552;8.101980732;['creamy_NN', 'creamy_JJ'];Source;Source;-0.463597419;7.777145987;17383.43381;0.842348754;0.989679715;3.62;;3.12;6.06;0.470588235;3.588235294;3;1.411764706;1.352941176;3.294117647;Gustatory;6.48
CRÈME__#__BRÛLÉE;crème__#__brûlée;183;1;5.209486153;['crème__#__brûlée_COLL'];Source;Source;7.515699838;11.95013357;1731.306027;0.998576512;0.911032028;;;;;;;;;;;
CRISP;crisp;4918;8840;8.500657223;['crisp_JJ', 'crisp_NN'];Composition;Abstract;-0.845974635;7.20197739;24569.57342;0.823487544;0.993238434;3.69;556.1666667;3.95;6.14;2.2;2.4;3.15;0.8;0.7;1.95;Haptic;5.23
CRISP;crisper;30;345;3.401197382;['crisper_NN', 'crisper_JJ'];Composition;Abstract;-3.523561956;14.55894281;87.97367457;0.667615658;0.575088968;3.85;;;;2.421052632;2;2.052631579;0.263157895;0.421052632;3;Visual;
CRISP;crispness;330;232;5.799092654;['crispness_NN'];Composition;Abstract;0.508341219;11.0995112;1947.21112;0.883629893;0.918149466;3.58;;;;2.333333333;2.333333333;3.055555556;0.944444444;1;3.166666667;Visual;
CURRANT;currant;2169;818;7.682021511;['currant_NN', 'currant_JJ'];Source;Source;1.406857305;8.383019072;14240.50768;0.919928826;0.985053381;3.74;550;;;0.428571429;3.071428571;1.642857143;0.428571429;2.5;2.857142857;Gustatory;
DARK;dark;3765;133089;8.23350314;['dark_JJ', 'dark_NN'];Abstract;Abstract;-5.14359766;7.58739926;7605.549525;0.533807829;0.97544484;4.29;608.6;4.09;4.61;0.263157895;0.078947368;0.105263158;0.710526316;0.131578947;4.684210526;Visual;5.08
DARK;darkness;49;26795;3.891820298;['darkness_NN'];Abstract;Abstract;-9.094966351;13.85112357;-36.71420127;0.217437722;0.166192171;3.85;591.2;4.08;4.82;0.294117647;0.117647059;0.411764706;1.058823529;0.117647059;4.764705882;Visual;4.71
DARK__#__CHOCOLATE;bitter__#__chocolate;306;33;5.723585102;['bitter__#__chocolate_COLL'];Source;Source;3.212993723;11.20844557;1464.677198;0.956227758;0.901067616;;;;;;;;;;;;
DARK__#__CHOCOLATE;dark__#__chocolate;726;806;6.587550015;['dark__#__chocolate_COLL'];Source;Source;-0.150810291;9.962007672;2684.708621;0.853024911;0.933451957;;;;;;;;;;;;
DEEP;deep;1311;117567;7.178545484;['deep_JJ', 'deep_NN'];Abstract;Abstract;-6.48667167;9.10938144;1424.251959;0.409964413;0.899288256;3.38;460;3.9;4.94;1.470588235;0.529411765;1.941176471;1.176470588;0.411764706;3.705882353;Visual;5.44
DEEP;depth;1029;33514;6.936342736;['depth_NN'];Abstract;Abstract;-5.025449;9.458806143;2166.015713;0.54519573;0.923487544;3.11;399;4.35;5.24;0.941176471;0.647058824;2.647058824;1.352941176;0.588235294;4;Visual;5.8
DELICATE;delicate;1261;12330;7.139660336;['delicate_JJ'];Positive;Evaluative;-3.289532619;9.16548085;4173.120894;0.683985765;0.95658363;2.3;;3.09;5.04;0.842105263;0.526315789;3.526315789;1.263157895;0.263157895;3.157894737;Haptic;6.38
DELICIOUS;delicacy;45;2092;3.80666249;['delicacy_NN'];Positive;Evaluative;-5.53881404;13.97398031;82.0173805;0.497508897;0.561565836;2.81;;5;5.52;0.923076923;3.884615385;1.884615385;1.884615385;3;3.192307692;Gustatory;7
DELICIOUS;delicious;1404;14896;7.247080585;['delicious_JJ', 'delicious_NN'];Positive;Evaluative;-3.407310137;9.01050619;4530.830177;0.677224199;0.959430605;2.43;385.3;4.92;5.8;0.611111111;4.5;0.611111111;2.333333333;3.277777778;2.722222222;Gustatory;7.38
DENSE;dense;1581;10349;7.365812837;['dense_JJ'];Strong;Evaluative;-2.710582097;8.839211758;5865.698295;0.722775801;0.969039146;3.14;372.7;3.59;5.08;0.9375;0.625;2.125;0.375;0.1875;3.125;Visual;4.68
DRY;dryish;31;10;3.433987204;['dryish_JJ', 'dryish_NN'];Abstract;Abstract;1.632268215;14.5116371;194.7543168;0.927402135;0.69252669;;;;;;;;;;;;
DRY;dry;6136;47352;8.721928343;['dry_JJ', 'dry_NN'];Composition;Abstract;-2.948054974;6.882750643;21733.60221;0.706761566;0.991814947;3.77;;3.8;6.21;0.7;1.8;3.9;1.4;0.45;3.25;Haptic;4.86
DRY;dryness;249;796;5.517452896;['dryness_NN'];Composition;Abstract;-1.676622688;11.50583148;1109.951541;0.783274021;0.885765125;2.72;;;;0.647058824;1.235294118;3.705882353;1.647058824;0.294117647;2.588235294;Haptic;
DUSTY;dustiness;24;9;3.17805383;['dustiness_NN', 'dustiness_JJ'];Composition;Abstract;1.415037499;14.88087091;170.6924242;0.920284698;0.67544484;3.18;;;;0.65;0.35;2.4;0.4;1.15;4.2;Visual;
DUSTY;dusty;1182;8288;7.074963198;['dusty_JJ', 'dusty_NN'];Composition;Abstract;-2.809793968;9.25881909;4291.262597;0.716370107;0.957651246;3.79;554.6;4.1;4.7;0.052631579;0;2.526315789;0.315789474;0.842105263;4.052631579;Visual;3.95
DUSTY;dust;148;31596;4.997212274;['dust_NN'];Source;Source;-7.738000941;12.25638004;33.10356733;0.313523132;0.427402135;4.4;426.45;3.45;4.56;0.5;0.1875;2.6875;0.25;1.25;4.0625;Visual;3.72
EARTHY;earth;1675;135508;7.423568444;['earth_NN', 'earth_JJ'];Source;Source;-6.338073121;8.75588803;1992.620745;0.42455516;0.919928826;4.8;666.7;5.04;5.69;1.333333333;0.666666667;2.833333333;0.777777778;2.277777778;4.333333333;Visual;6.83
EARTHY;earthier;116;41;4.753590191;['earthier_JJ', 'earthier_NN'];Source;Source;1.500428991;12.60785241;781.6652888;0.923487544;0.856939502;;;;;;;;;;;;
EARTHY;earthiness;111;138;4.709530201;['earthiness_NN'];Source;Source;-0.31410859;12.67141754;584.9529146;0.84911032;0.825622776;2.17;;;;0.65;1.55;2.6;1.25;2.55;2.9;Visual;
EARTHY;earthy;2534;1664;7.837554361;['earthy_JJ', 'earthy_NN'];Source;Source;0.606761091;8.158632601;15204.25165;0.889679715;0.987544484;2.15;;3.29;6.56;0.866666667;1.933333333;3.2;1.066666667;2.933333333;3.733333333;Visual;6.5
ELEGANT;elegance;514;2875;6.242223265;['elegance_NN'];Positive;Evaluative;-2.483721692;10.46020886;1977.6918;0.735587189;0.919572954;2.18;538;4.24;6.26;2.166666667;1;1.611111111;1.222222222;0.944444444;4.333333333;Visual;6.91
ELEGANT;elegant;1442;11734;7.273786318;['elegant_JJ'];Positive;Evaluative;-3.024551827;8.971977961;5022.438354;0.701067616;0.964412811;2.31;509.4;4.43;5.95;1.5;0.8125;0.8125;0.9375;0.6875;3.9375;Visual;7
COFFEE;espresso;813;2000;6.70073111;['espresso_NN'];Source;Source;-1.298672743;9.798721868;3817.535497;0.799288256;0.952313167;4.41;;5.25;6.3;0.777777778;4;1.388888889;0.5;3.277777778;3.5;Gustatory;6.68
FIG;fig;853;26229;6.748759547;['fig_NN'];Source;Source;-4.942473253;9.729431479;1845.434209;0.553736655;0.914234875;4.97;;4.22;6.05;0.0625;3.9375;2.125;0.3125;1.5625;3.25;Gustatory;5.23
FIG;figgy;22;142;3.091042453;['figgy_JJ', 'figgy_NN'];Source;Source;-2.690315501;15.00640179;74.3895876;0.723487544;0.546263345;;;;;;;;;;;;
FINE;fine;1771;156101;7.479299638;['fine_JJ', 'fine_NN'];Positive;Evaluative;-6.461771757;8.675484913;1955.284739;0.413879004;0.91886121;2.61;321;3.86;5.78;1.315789474;0.578947368;1.105263158;2.368421053;0.526315789;2.315789474;Interoceptive;6.5
FIRM;firm;2517;93171;7.830822995;['firm_JJ', 'firm_NN'];Strong;Evaluative;-5.210103856;8.168343909;4969.722974;0.527758007;0.963345196;3.54;379.4;4.3;6.58;0.95;0.65;3.75;1.35;0;2.7;Haptic;5.36
FIRM;firmness;48;684;3.871201011;['firmness_NN'];Strong;Evaluative;-3.832890014;13.88087091;146.3753539;0.645907473;0.654092527;3.92;;;;0.684210526;1.210526316;4.263157895;1.368421053;0.368421053;2.052631579;Haptic;
FLESHY;fleshy;510;1176;6.234410726;['fleshy_JJ', 'fleshy_NN'];Abstract;Abstract;-1.205318908;10.47147997;2412.390695;0.805338078;0.927402135;3.56;;5.3;3.95;0.25;0.375;3.625;0.75;0.375;3.75;Visual;4.89
FLESHY;flesh;121;21707;4.795790546;['flesh_NN', 'flesh_JJ'];Source;Source;-7.487009495;12.54697017;48.5437288;0.331316726;0.478291815;4.59;625;4.11;5.29;1.038461538;1.269230769;4.038461538;2.076923077;1.384615385;3.961538462;Haptic;5.2
FLORAL;floral;2511;3887;7.828436359;['floral_JJ', 'floral_NN'];Category;Abstract;-0.630395079;8.171787097;12914.5943;0.833807829;0.983274021;3.75;;2.73;5.15;0.388888889;0.5;2.055555556;0.666666667;3.111111111;3.388888889;Visual;7.42
FLOWERY;flower;1583;47374;7.36707706;['flower_NN'];Category;Abstract;-4.90336233;8.83738787;3455.294804;0.555516014;0.948042705;5;400.2666667;3.67;6.43;0.277777778;1.166666667;3.333333333;1;4.388888889;4.277777778;Olfactory;7.3
FLOWERY;flowery;122;807;4.804021045;['flowery_NN'];Category;Abstract;-2.725687526;12.53509607;443.3953633;0.721352313;0.797153025;2.68;;3.81;5.57;0.235294118;0.411764706;1.411764706;0.058823529;3.588235294;4.058823529;Visual;7.47
FRAGRANT;fragrant;605;2859;6.405228458;['fragrant_JJ', 'fragrant_NN'];Effect;Evaluative;-2.240503572;10.22504208;2446.978007;0.750533808;0.928113879;3.35;348.5;4.85;6;0.066666667;0.333333333;0;0.533333333;4.933333333;0.333333333;Olfactory;7.05
FRESH;fresh;6438;73740;8.769973212;['fresh_JJ', 'fresh_NN'];Abstract;Abstract;-3.517762935;6.813436549;20247.24747;0.668683274;0.991459075;1.97;408.8;2.35;6.28;0.705882353;4.176470588;2.588235294;1.647058824;4;3.470588235;Gustatory;6.67
FRESH;fresher;55;315;4.007333185;['fresher_JJ'];Abstract;Abstract;-2.517848305;13.6844737;203.4683001;0.732740214;0.699288256;;;;;;;;;;;;
FRESH;freshness;904;1309;6.80682936;['freshness_NN'];Abstract;Abstract;-0.53407042;9.645654448;4723.951568;0.838790036;0.961209964;2.12;;4.1;6.29;1.157894737;2.578947368;1.947368421;1.052631579;3.368421053;2.947368421;Olfactory;7.43
FRUITY;fruit;21552;44779;9.978223899;['fruit_NN', 'fruit_JJ'];Category;Abstract;-1.055000555;5.070299275;104601.4181;0.812455516;0.999644128;4.81;;4.09;6.12;0.473684211;4.631578947;3.105263158;0.736842105;3.105263158;4.421052632;Gustatory;7
FRUITY;fruitier;68;2;4.219507705;['fruitier_NN'];Category;Abstract;5.087462841;13.37837057;637.7437156;0.986120996;0.834163701;;;;;;;;;;;;
FRUITY;fruitiness;189;46;5.241747015;['fruitiness_NN'];Category;Abstract;2.038680468;11.90359099;1336.497594;0.936298932;0.894661922;3.09;;;;0.388888889;4.277777778;1.388888889;0.833333333;3.166666667;2.555555556;Gustatory;
FRUITY;fruity;2068;1103;7.634337236;['fruity_NN'];Category;Abstract;0.906803395;8.45181294;12860.52126;0.901067616;0.982918149;2.69;;5.26;6;0.0625;4.25;0.4375;0.3125;2.875;1.75;Gustatory;6.71
FULL;full;3561;233601;8.177796683;['full_JJ'];Strong;Evaluative;-6.035620204;7.66776669;4990.661523;0.455516014;0.96405694;3.59;532.4;3.48;6.06;0.421052632;1.157894737;1.631578947;4.210526316;0.210526316;1.842105263;Interoceptive;6
FULL;fuller;33;4162;3.496507561;['fuller_JJ', 'fuller_NN'];Strong;Evaluative;-6.97866713;14.42143929;26.14571886;0.370462633;0.396797153;3.17;;;;0.3125;0.125;0.75;1.9375;0;2.1875;Visual;
FULL;fullish;14;4;2.63905733;['fullish_JJ'];Strong;Evaluative;1.807354922;15.65847849;82.04432343;0.931672598;0.561921708;;;;;;;;;;;;
FULL;fullness;59;1838;4.077537444;['fullness_NN', 'fullness_JJ'];Strong;Evaluative;-4.961278002;13.58319036;122.2859831;0.551957295;0.622775801;2.58;;3.2;6.27;0.421052632;1.421052632;1.473684211;4.052631579;0.578947368;1.736842105;Interoceptive;6.19
GENEROUS;generosity;30;4614;3.401197382;['generosity_NN'];Effect;Evaluative;-7.264911693;14.55894281;15.36110596;0.345907473;0.351601423;1.84;463;4.29;6.56;1.764705882;0.294117647;0.823529412;1.529411765;0.294117647;3.470588235;Visual;7.55
GENEROUS;generous;1031;15316;6.938284484;['generous_JJ'];Positive;Evaluative;-3.892923327;9.456004793;2969.586115;0.640213523;0.940569395;2.25;398.35;5.7;6.81;1.722222222;0.611111111;0.777777778;2.333333333;0.611111111;2.388888889;Visual;7.43
GOOSEBERRY;gooseberry;491;232;6.196444128;['gooseberry_NN'];Source;Source;1.081598219;10.5262542;3097.311692;0.909608541;0.942704626;4.7;;;;1;3.357142857;1.5;0.857142857;2.285714286;3.714285714;Visual;
GRAPE;grape;650;9803;6.476972363;['grape_NN'];Source;Source;-3.9147117;10.1215375;1860.273609;0.637366548;0.914590747;5;671.4;3.5;5.88;;;;;;;;6.7
GRAPE;grapey;92;15;4.521788577;['grapey_NN'];Source;Source;2.61667136;12.94227145;695.4122219;0.948398577;0.842704626;;;;;;;;;;;;
GRAPE;grapy;111;3;4.709530201;['grapy_NN', 'grapy_JJ'];Source;Source;5.209453366;12.67141754;1002.274827;0.988256228;0.878291815;;;;;;;;;;;;
GRAPEFRUIT;grapefruit;2413;1873;7.788626066;['grapefruit_NN', 'grapefruit_JJ'];Source;Source;0.365477016;8.22922121;14097.78793;0.877224199;0.984697509;4.96;;3.68;5.96;0.25;3.95;2.3;0.9;2.75;3.75;Gustatory;5.77
GRAPEFRUIT;grapefruity;60;7;4.094344562;['grapefruity_NN'];Source;Source;3.099535674;13.55894281;479.4273006;0.954448399;0.806761566;;;;;;;;;;;;
GRAPHITE;graphite;391;2398;5.96870756;['graphite_NN', 'graphite_JJ'];Source;Source;-2.616591146;10.85480861;1466.75609;0.727046263;0.901423488;4.58;;3.78;5.53;0.571428571;0;2.714285714;0.071428571;0.928571429;2.642857143;Haptic;5.05
GRASSY;grass;280;34320;5.634789603;['grass_NN'];Source;Source;-6.937478915;11.33655039;218.7107496;0.374733096;0.710320285;4.93;677.4;3.39;5.67;0.739728597;0.57544869;3.420298918;0.438246514;3.032830967;4.411669064;Visual;6.47
GRASSY;grassiness;24;7;3.17805383;['grassiness_NN'];Source;Source;1.777607579;14.88087091;177.2265993;0.930960854;0.679003559;3.15;;;;0.5;0.375;2.0625;0.1875;1.6875;3.5625;Visual;
GRASSY;grassy;506;2343;6.226536669;['grassy_NN', 'grassy_JJ'];Source;Source;-2.211147664;10.48283984;2042.01306;0.752669039;0.920996441;4.32;;3.09;5.68;0.625;0.625;3.0625;0.6875;2.625;4.125;Visual;6
GREEN;green;5098;141144;8.536603585;['green_JJ', 'green_NN'];Abstract;Abstract;-4.791092618;7.150117752;11533.93806;0.565480427;0.981850534;4.07;500.425;4.07;5.64;0.263157895;0.157894737;0.052631579;0.157894737;0.105263158;4.473684211;Visual;6.29
GREEN;greener;25;544;3.218875825;['greener_NN', 'greener_JJ'];Abstract;Abstract;-4.443606651;14.82197722;67.61314518;0.595729537;0.531672598;3.5;;;;0.470588235;0.411764706;0.529411765;0.294117647;0.705882353;4.294117647;Visual;
GREEN;greenness;23;181;3.135494216;['greenness_NN'];Abstract;Abstract;-2.976283931;14.94227145;73.94648455;0.704982206;0.54519573;2.96;;;;0.194444444;0.361111111;0.333333333;0.333333333;0.388888889;4.277777778;Visual;
HERBAL;herb;3867;13796;8.260234292;['herb_NN'];Category;Abstract;-1.834963364;7.548834361;16667.28803;0.774021352;0.988967972;4.57;639.4;3.26;5.05;0.470588235;4.235294118;2.529411765;0.411764706;3.705882353;4.176470588;Gustatory;6.72
HERBAL;herbaceous;296;353;5.690359454;['herbaceous_JJ'];Category;Abstract;-0.254071008;11.25638004;1611.630304;0.85088968;0.907117438;;;;;;;;;;;;
HERBAL;herbaceousness;43;6;3.761200116;['herbaceousness_NN'];Category;Abstract;2.841302254;14.03956866;309.7018899;0.951245552;0.754448399;;;;;;;;;;;;
HERBAL;herbal;4078;3405;8.313361951;['herbal_JJ', 'herbal_NN'];Category;Abstract;0.260206977;7.47218735;23496.61442;0.872953737;0.99252669;3.57;454.8;3.87;5.25;0.631578947;3.210526316;0.842105263;0.368421053;2.526315789;2.578947368;Gustatory;6.14
HONEYED;honey;2600;53854;7.863266724;['honey_NN'];Source;Source;-4.372469976;8.121537502;6644.203743;0.602135231;0.972241993;4.88;597;4.38;6.39;0.326078799;4.507004378;2.422013759;0.68699187;2.789681051;3.63902439;Gustatory;7.27
HONEYED;honeyed;654;177;6.483107351;['honeyed_JJ', 'honeyed_NN'];Source;Source;1.885541275;10.11268658;4493.076485;0.934163701;0.958718861;;;;;;;;;;;;
HONEYSUCKLE;honeysuckle;817;709;6.705639095;['honeysuckle_NN'];Source;Source;0.204550451;9.791641142;4689.632946;0.871530249;0.960854093;4.48;;;;0.3;2.95;1.6;0.3;3.95;3.85;Olfactory;
INTENSE;intense;2060;27720;7.630461262;['intense_JJ', 'intense_NN'];Strong;Evaluative;-3.750211015;8.457404788;6154.690165;0.651957295;0.971530249;2.41;317.1;6.6;5.57;3.277777778;2.666666667;2.166666667;3.722222222;2.833333333;3.388888889;Interoceptive;5.65
INTENSE;intensity;1054;18668;6.960347729;['intensity_NN'];Strong;Evaluative;-4.1466206;9.424174258;2850.967978;0.621708185;0.937366548;2.14;;7.05;5.34;2.2;0.65;0.9;2.15;0.55;2.5;Visual;5.19
JAMMY;jamminess;20;3;2.995732274;['jamminess_NN'];Category;Abstract;2.736965594;15.14390532;164.5904473;0.94911032;0.669039146;;;;;;;;;;;;
JAMMY;jammy;1653;80;7.410347098;['jammy_NN', 'jammy_JJ'];Category;Abstract;4.368942914;8.774962401;14253.82726;0.977935943;0.985409253;;;;;;;;;;;;
JUICY;juiciness;99;69;4.59511985;['juiciness_NN'];Category;Abstract;0.520832163;12.83647679;576.691901;0.884341637;0.82455516;3.44;;;;1;4.142857143;2.357142857;0.714285714;0.928571429;2.642857143;Gustatory;
JUICY;juicy;2834;4175;7.94944442;['juicy_JJ', 'juicy_NN'];Category;Abstract;-0.558936439;7.997209367;14717.44739;0.836654804;0.98683274;3.96;;4.7;5.48;1.473684211;4.210526316;2.894736842;1.578947368;1.947368421;3.421052632;Gustatory;7.05
KIWI;kiwi;376;1041;5.929589143;['kiwi_NN'];Source;Source;-1.469165502;10.91124456;1725.91627;0.790747331;0.910676157;4.86;599.28;3.65;5.5;0.5625;4.1875;2.8125;0.9375;2.875;4;Gustatory;6.11
KIWI;kiwi__#__fruit;48;55;3.871201011;['kiwi__#__fruit_COLL'];Source;Source;-0.196397213;13.88087091;247.7840199;0.852669039;0.723131673;;;;;;;;;;;;
LEAFY;leafy;526;2133;6.265301213;['leafy_JJ', 'leafy_NN'];Category;Abstract;-2.019749261;10.42691442;2192.562971;0.760854093;0.924199288;3.89;;3.57;5.88;0.941176471;1.058823529;2.235294118;0.705882353;0.764705882;3.823529412;Visual;5.95
LEAFY;leaf;324;14023;5.780743516;['leaf_NN'];Source;Source;-5.435657401;11.12598341;592.1964027;0.507117438;0.827046263;5;631.4;3.05;5.54;1.421052632;0.684210526;4;0;1;4.578947368;Visual;6.16
LEAFY;leafiness;30;8;3.401197382;['leafiness_NN'];Source;Source;1.906890596;14.55894281;193.3685551;0.934519573;0.690747331;;;;;;;;;;;;
LEAN;lean;967;11594;6.874198495;['lean_JJ', 'lean_NN'];Abstract;Abstract;-3.583718691;9.548461331;2991.711796;0.662989324;0.940925267;3;489;3.32;5.84;0.333333333;0.777777778;2;0.944444444;0.222222222;3.333333333;Visual;6.35
LEAN;leanness;12;70;2.48490665;['leanness_NN'];Abstract;Abstract;-2.544320516;15.88087091;53.48945549;0.731672598;0.49430605;2.97;;;;0.45;0.5;1.45;1.05;0.05;4;Visual;
LEATHER;leather;2303;20959;7.7419679;['leather_NN'];Source;Source;-3.185983568;8.296534714;7767.965359;0.690747331;0.976156584;4.82;591.2;3.57;5.32;0.75;0.1;4;0.15;3.2;4.65;Visual;5.84
LEATHER;leathery;574;785;6.352629396;['leathery_NN', 'leathery_JJ'];Source;Source;-0.451641917;10.30092648;3015.131927;0.84341637;0.941281139;3.4;;;;0.611111111;0.333333333;3.833333333;0.111111111;1.555555556;3.444444444;Haptic;
LEESY;leesy;231;2;5.442417711;['leesy_JJ', 'leesy_NN'];Abstract;Abstract;6.851749041;11.61408437;2366.379404;0.998220641;0.927046263;;;;;;;;;;;;
LEMON;lemon;2809;22124;7.940583827;['lemon_NN', 'lemon_JJ'];Source;Source;-2.977483718;8.009992501;9895.927438;0.704626335;0.979359431;5;665.5;4.52;5.43;0.2;4.45;2.65;0.75;2.95;3.85;Gustatory;6.37
LEMON;lemony;496;721;6.206575927;['lemony_JJ', 'lemony_NN'];Source;Source;-0.539659139;10.5116371;2594.679985;0.838078292;0.930960854;2.93;;;;0.15;4.3;0.55;0.85;3.2;1.7;Gustatory;
LICORICE;licorice;2404;824;7.784889296;['licorice_NN'];Source;Source;1.544720654;8.234612229;16011.8885;0.925266904;0.987900356;4.97;;4.14;5.52;0.235294118;4.411764706;1.823529412;0.588235294;2.470588235;2.882352941;Gustatory;4.58
LIGHT;light;3929;261559;8.27614022;['light_JJ', 'light_NN'];Abstract;Abstract;-6.056830435;7.525886958;5448.322938;0.454092527;0.966903915;4.21;469.975;3.52;5.89;0.2;0.05;0.6;0.4;0.05;4.6;Visual;6.55
LIGHT;lightly;27;104;3.295836866;['lightly_NN', 'lightly_JJ'];Abstract;Abstract;-1.945552216;14.71094591;105.8927488;0.764768683;0.6;2.6;;;;1.523809524;0.666666667;3.333333333;1.714285714;0.761904762;2.047619048;Haptic;
LIGHT;lightness;76;1035;4.33073334;['lightness_NN'];Abstract;Abstract;-3.767487539;13.2179059;231.8815683;0.65088968;0.715302491;2.6;;4.5;5.88;1.470588235;1.117647059;3.176470588;1.941176471;0.647058824;2.705882353;Haptic;6.37
LIKEABLE;likable;39;1680;3.663561646;['likable_JJ'];Positive;Evaluative;-5.428843299;14.18043119;67.38723265;0.507829181;0.530604982;1.93;;4.23;7.35;2.352941176;1.588235294;1.176470588;2.294117647;1.294117647;2.823529412;Visual;6.83
LIKEABLE;like;1268;45993;7.145196135;['like_JJ', 'like_NN'];Positive;Evaluative;-5.180787653;9.15749438;2531.383849;0.529537367;0.93024911;1.89;291.56;4.4;6.28;1.666666667;1.285714286;1.476190476;3.142857143;1.476190476;1.857142857;Interoceptive;7.44
LIKEABLE;likeable;83;774;4.418840608;['likeable_JJ'];Positive;Evaluative;-3.221150325;13.09079398;271.4741502;0.688256228;0.739145907;;;;;;;;;;;;
LIME;lime;3224;8368;8.078378104;['lime_NN'];Source;Source;-1.376031108;7.811197382;14937.90235;0.79430605;0.987188612;4.96;653.9;3.83;6.23;0.157894737;3.842105263;1.789473684;0.105263158;2.631578947;3.894736842;Visual;6.1
LIME;limey;18;176;2.890371758;['limey_JJ', 'limey_NN'];Source;Source;-3.289506617;15.29590841;52.86642796;0.684341637;0.491814947;;;3.55;5.37;;;;;;;;4.86
LIVELY;liveliness;34;258;3.526360525;['liveliness_NN'];Abstract;Abstract;-2.923764414;14.37837057;113.8452776;0.707829181;0.611032028;2.27;;;;2.454545455;0.424242424;0.696969697;2.787878788;0.484848485;3.090909091;Visual;
LIVELY;lively;1606;6383;7.381501895;['lively_JJ'];Abstract;Abstract;-1.990762755;8.816577233;6743.813319;0.761209964;0.972597865;2.36;452.9;6.1;6.86;2.777777778;0.833333333;0.888888889;2.444444444;1;3.777777778;Visual;7.12
LONG;long;4318;412624;8.370547611;['long_JJ', 'long_NN'];Abstract;Abstract;-6.578320683;7.389685882;4421.826377;0.402846975;0.958362989;3.18;384.675;;;1.529411765;0.294117647;1.941176471;0.823529412;0;3.823529412;Visual;
LUSCIOUS;luscious;399;1156;5.988961417;['luscious_JJ'];Effect;Evaluative;-1.534680746;10.82558847;1794.640228;0.787900356;0.912811388;1.93;439.4;5.75;5.59;1.333333333;2.666666667;2.166666667;2.5;1.916666667;3.833333333;Visual;6.91
LUSCIOUS;lusciously;12;2;2.48490665;['lusciously_JJ'];Effect;Evaluative;2.584962501;15.88087091;103.2643284;0.946975089;0.594661922;1.96;;;;1;1.916666667;1.833333333;1.5;1.083333333;2.75;Visual;
LUSH;lush;1255;4802;7.134890852;['lush_JJ', 'lush_NN'];Abstract;Abstract;-1.935948039;9.172361761;5315.685925;0.766192171;0.965836299;2.8;317.7;4.24;5.79;1.5;0.875;1.4375;0.5;1.375;3.5;Visual;6.48
LUSH;lusher;15;16;2.708050201;['lusher_NN'];Abstract;Abstract;-0.093109404;15.55894281;71.75643102;0.857295374;0.540569395;;;;;;;;;;;;
LUSH;lushness;43;116;3.761200116;['lushness_NN'];Abstract;Abstract;-1.43171624;14.03956866;188.2668303;0.791814947;0.687188612;2.24;;;;0.666666667;0.533333333;2.866666667;0.8;0.8;2.733333333;Haptic;
LYCHEE;lychee;550;166;6.309918278;['lychee_NN'];Source;Source;1.728248377;10.3625456;3716.642572;0.929893238;0.95088968;;;;;;;;;;;;
LYCHEE;lychee__#__fruit;32;11;3.465735903;['lychee__#__fruit_COLL'];Source;Source;1.540568381;14.46583341;207.2559807;0.92455516;0.701423488;;;;;;;;;;;;
MANGO;mango;747;3888;6.616065185;['mango_NN'];Source;Source;-2.379848071;9.920868977;2931.335858;0.742704626;0.939501779;5;;3.05;5.76;0;4.666666667;2.333333333;0.80952381;2.952380952;3.952380952;Gustatory;6.57
MATURE;mature;1122;11444;7.022868086;['mature_JJ', 'mature_NN'];Abstract;Abstract;-3.350446822;9.333976449;3653.340562;0.679359431;0.950177936;1.86;526;3.48;7.05;2.421052632;0.473684211;0.684210526;1.263157895;0.421052632;3.263157895;Visual;5.95
MATURE;maturity;58;6598;4.060443011;['maturity_NN'];Abstract;Abstract;-6.829832067;13.60785241;47.61036802;0.384697509;0.475800712;1.81;;3.55;6.78;1.941176471;0.058823529;0.235294118;1.058823529;0.176470588;2.411764706;Visual;6.53
MEATY;meaty;710;1417;6.56526497;['meaty_JJ', 'meaty_NN'];Category;Abstract;-0.996948829;9.994158196;3464.408054;0.816014235;0.948398577;3.46;;;;0.736842105;3.105263158;2.842105263;0.736842105;2.052631579;3.368421053;Visual;
MEATY;meatiness;22;17;3.091042453;['meatiness_NN'];Source;Source;0.371968777;15.00640179;116.8418619;0.877580071;0.614946619;2.68;;;;0.047619048;2.952380952;2.142857143;0.476190476;1.238095238;2.857142857;Gustatory;
MEATY;meat;823;45451;6.712956201;['meat_NN'];Category;;-5.787275796;9.78108479;1291.293499;0.475800712;0.892882562;4.9;644.1;4.3;5.58;0.421052632;4.631578947;2.947368421;0.736842105;3.315789474;3.526315789;Gustatory;
MEDICINAL;medicinal;515;2293;6.244166901;['medicinal_JJ', 'medicinal_NN'];Abstract;Abstract;-2.154592018;10.45740479;2098.587891;0.754448399;0.922775801;2.1;;5.87;5.16;0.444444444;2.111111111;0.611111111;0.833333333;1.388888889;2.611111111;Visual;5.45
MELON;melon;2967;2813;7.99530662;['melon_NN'];Source;Source;0.076895374;7.931044199;16715.37666;0.866192171;0.989323843;4.78;669;3.68;5.79;0.555555556;4.444444444;2.833333333;0.222222222;3;3.888888889;Gustatory;6.32
MELON;melony;151;10;5.017279837;['melony_JJ', 'melony_NN'];Source;Source;3.916476644;12.22742867;1236.544851;0.970462633;0.889679715;;;;;;;;;;;;
MENTHOL;menthol;492;375;6.198478716;['menthol_NN', 'menthol_JJ'];Source;Source;0.39176772;10.5233189;2892.773437;0.879359431;0.938434164;3.85;;2.9;5.45;0;3.352941176;0.882352941;1.294117647;3;1.176470588;Gustatory;4.9
MILD;mild;955;13639;6.86171134;['mild_JJ'];Weak;Evaluative;-3.836093328;9.566476487;2787.798235;0.645551601;0.93594306;2.48;321.2;2.39;5.67;1.4;2.8;0.95;1.75;1.55;1.1;Gustatory;5.9
MINERAL;minerally;215;9;5.370638028;['minerally_JJ', 'minerally_NN'];Abstract;Abstract;4.578267848;11.71764056;1865.385294;0.981494662;0.914946619;;;;;;;;;;;;
MINERAL;mineral;3911;11206;8.271548375;['mineral_NN', 'mineral_JJ'];Category;Abstract;-1.518661956;7.532511589;17714.05462;0.788967972;0.990391459;4.41;;2.86;4.67;0.4;1.533333333;2.133333333;0.466666667;0.8;3.533333333;Visual;6.05
MINERAL;minerality;880;54;6.779921907;['minerality_NN'];Category;Abstract;4.026472211;9.684473697;7386.928028;0.972241993;0.974021352;;;;;;;;;;;;
MINTY;mint;1277;7160;7.152268856;['mint_NN', 'mint_JJ'];Source;Source;-2.487201062;9.1472906;4937.282235;0.734875445;0.962989324;4.54;575.2666667;4.9;6.62;0.058823529;4.705882353;1.176470588;0.470588235;3.823529412;2.705882353;Gustatory;6.55
MINTY;minty;568;386;6.342121419;['minty_NN', 'minty_JJ'];Source;Source;0.557290082;10.31608629;3403.212379;0.886476868;0.947686833;4.11;;3.19;5.09;0.058823529;4.941176471;0.470588235;1.117647059;3.588235294;0.823529412;Gustatory;7
MOCHA;mocha;1658;841;7.413367336;['mocha_JJ', 'mocha_NN'];Source;Source;0.979266301;8.770605119;10371.59368;0.903914591;0.980427046;4.74;;3.36;5.61;0.894736842;4.157894737;0.631578947;0.684210526;2.578947368;3.315789474;Gustatory;6.53
MODEST;modest;737;16776;6.602587892;['modest_JJ'];Negative;Evaluative;-4.508590337;9.940312601;1817.309858;0.588967972;0.91316726;2.21;340;2.93;7.05;2.894736842;0;0.210526316;1.894736842;0;3.105263158;Visual;6.42
MOUTHWATERING;mouthwatering;445;195;6.098074282;['mouthwatering_NN', 'mouthwatering_JJ'];Effect;Evaluative;1.190331212;10.66817188;2864.974402;0.9113879;0.938078292;2.86;;;;0.6875;4.125;0.8125;2.75;3.1875;3.0625;Gustatory;
MUSHROOM;mushroom;568;10944;6.342121419;['mushroom_NN'];Source;Source;-4.268105395;10.31608629;1496.728095;0.609964413;0.903202847;4.83;605.0666667;3.14;5.5;0.473684211;3.421052632;2.421052632;0.473684211;2.210526316;3.631578947;Visual;5.61
MUSHROOM;mushroomy;67;16;4.204692619;['mushroomy_NN'];Source;Source;2.06608919;13.39974422;456.0639123;0.937010676;0.799288256;;;;;;;;;;;;
NECTARINE;nectarine;919;461;6.823286122;['nectarine_NN', 'nectarine_JJ'];Source;Source;0.995298111;9.621912359;5753.397442;0.904270463;0.968327402;5;;;;0.411764706;4.117647059;2.823529412;0.647058824;3.294117647;4.235294118;Visual;
NUTTY;nut;665;18319;6.499787041;['nut_NN'];Category;Abstract;-4.783842601;10.08862288;1512.994101;0.566903915;0.904270463;4.52;598.925;4.24;4.56;0.736842105;3.789473684;2.894736842;0.842105263;2.105263158;3.736842105;Gustatory;5.44
NUTTY;nuttiness;42;119;3.737669618;['nuttiness_NN', 'nuttiness_JJ'];Category;Abstract;-1.502500341;14.07351599;181.7124044;0.789679715;0.682562278;2.85;;;;1.368421053;3.263157895;1.210526316;1.236842105;2.184210526;2.394736842;Gustatory;
NUTTY;nutty;500;2050;6.214608098;['nutty_JJ', 'nutty_NN'];Category;Abstract;-2.03562391;10.50004913;2094.985059;0.759786477;0.922064057;3.45;;4.72;5.29;1.631578947;3.789473684;1.473684211;1.052631579;2.526315789;3.052631579;Gustatory;5.35
OAKY;oak;5913;17165;8.684908596;['oak_NN', 'oak_JJ'];Category;Abstract;-1.537507675;6.936158848;26727.19293;0.787544484;0.993594306;4.82;634.3;2.64;5.91;0.653846154;0.730769231;2.807692308;0.192307692;2.115384615;3.769230769;Visual;6.47
OAKY;oaked;83;7;4.418840608;['oaked_JJ'];Category;Abstract;3.567684509;13.09079398;652.6327499;0.961209964;0.837010676;;;;;;;;;;;;
OAKY;oakiness;14;6;2.63905733;['oakiness_JJ', 'oakiness_NN'];Category;Abstract;1.222392421;15.65847849;77.17874214;0.912099644;0.551957295;;;;;;;;;;;;
OAKY;oaky;1175;68;7.069023427;['oaky_JJ', 'oaky_NN'];Category;Abstract;4.1109822;9.267388369;9892.823595;0.974021352;0.979003559;;;;;;;;;;;;
OPULENT;opulence;68;511;4.219507705;['opulence_NN'];Positive;Evaluative;-2.90971664;13.37837057;249.718147;0.708896797;0.724199288;;;;;;;;;;;;
OPULENT;opulent;448;867;6.104793232;['opulent_JJ'];Positive;Evaluative;-0.952533261;10.65847849;2215.808208;0.817437722;0.92455516;2.04;;;;1.2;0.866666667;1.066666667;1;0.666666667;2.866666667;Visual;
ORANGE;orange;1743;41562;7.463363046;['orange_JJ', 'orange_NN'];Source;Source;-4.575620605;8.698476556;4200.48539;0.585053381;0.956939502;4.66;677.5;4.04;5.58;0.176470588;4.058823529;2.411764706;0.470588235;3.176470588;3.647058824;Gustatory;6.81
ORANGE;orangey;26;91;3.258096538;['orangey_JJ', 'orangey_NN'];Source;Source;-1.807354922;14.76539369;103.9560244;0.77544484;0.596085409;3.21;;;;0.0625;3.25;0.375;0.0625;2.9375;3.1875;Gustatory;
OVERRIPE;overripe;335;323;5.814130532;['overripe_NN'];Abstract;Abstract;0.052626931;11.07781612;1871.70715;0.864768683;0.915658363;3.7;;;;0.428571429;3.571428571;3.357142857;0.714285714;2.857142857;3.428571429;Gustatory;
OVERRIPE;overripeness;27;4;3.295836866;['overripeness_NN', 'overripeness_JJ'];Abstract;Abstract;2.754887502;14.71094591;187.3451622;0.949822064;0.685409253;;;;;;;;;;;;
OVERRIPE;overripe__#__fruit;19;47;2.944438979;['overripe__#__fruit_COLL'];Category;Abstract;-1.306661338;15.2179059;85.86298165;0.797864769;0.571886121;;;;;;;;;;;;
PAPAYA;papaya;358;818;5.880532986;['papaya_NN'];Source;Source;-1.192141256;10.98201763;1693.82473;0.806049822;0.909252669;4.87;;4.4;5.58;0.1;4.5;2.75;0.35;3;3.85;Gustatory;6.43
PAPAYA;papayas;23;194;3.135494216;['papayas_NN'];Source;Source;-3.076350886;14.94227145;72.48990087;0.697508897;0.54341637;;;;;;;;;;;;
PASSIONFRUIT;passion__#__fruit;474;224;6.161207322;['passion__#__fruit_COLL'];Source;Source;1.081388327;10.57709016;1523.985316;0.909252669;0.904982206;;;;;;;;;;;;
PASSIONFRUIT;passionfruit;66;32;4.189654742;['passionfruit_NN'];Source;Source;1.044394119;13.42143929;403.7237007;0.906761566;0.786120996;;;;;;;;;;;;
PEACH;peach;5766;7868;8.659733878;['peach_NN', 'peach_JJ'];Source;Source;-0.448426121;6.972478289;30396.10057;0.843772242;0.995017794;4.9;679.4;4.7;5.74;0.3;4.4;2.95;0.6;3.4;3.75;Gustatory;6.83
PEACH;peachy;154;533;5.036952602;['peachy_JJ', 'peachy_NN'];Source;Source;-1.791205182;12.19904687;660.0896647;0.776868327;0.838790036;2.43;;4.7;5.93;0.684210526;1.736842105;1;1.789473684;1.473684211;1.789473684;Visual;6.47
PEAR;pear;4278;3934;8.36124089;['pear_JJ', 'pear_NN'];Source;Source;0.120939525;7.403112643;24236.76513;0.867615658;0.992882562;4.93;671.4;3.76;5.71;0.0625;4.25;2.1875;0.5625;1.8125;3.25;Gustatory;6.7
PEPPERY;peppercorn;115;625;4.744932128;['peppercorn_NN', 'peppercorn_JJ'];Source;Source;-2.442222329;12.62034336;439.7332243;0.738434164;0.795373665;4.89;;;;0.55;4.05;1.5;0.75;3.35;2.8;Gustatory;
PEPPERY;black__#__pepper;823;3470;6.712956201;['black__#__pepper_COLL'];Source;Source;-2.075971327;9.78108479;2273.228752;0.758007117;0.92633452;;;;;;;;;;;;
PEPPERY;pepper;2004;33341;7.602900462;['pepper_NN', 'pepper_JJ'];Source;Source;-4.056342962;8.497166617;5561.878321;0.627046263;0.967615658;4.59;621.65;4.3;5.75;0.470588235;4.411764706;2;1.117647059;3.411764706;3.823529412;Gustatory;5.63
PEPPERY;peppered;16;63;2.772588722;['peppered_JJ', 'peppered_NN'];Source;Source;-1.977279923;15.46583341;75.84692364;0.76227758;0.549466192;;;;;;;;;;;;
PEPPERY;peppery;1391;208;7.237778192;['peppery_NN'];Source;Source;2.741466986;9.023926706;10395.97619;0.949466192;0.980782918;3.66;;;;0.5;4.444444444;0.888888889;1.111111111;2.222222222;1.888888889;Gustatory;
PEPPERY;white__#__pepper;748;407;6.617402978;['white__#__pepper_COLL'];Source;Source;0.878009476;9.91893895;2469.404526;0.900355872;0.928825623;;;;;;;;;;;;
PERFUMED;perfumed;455;275;6.120297419;['perfumed_JJ', 'perfumed_NN'];Source;Abstract;0.726434927;10.63611067;2757.769008;0.89252669;0.934519573;3.79;;4.75;6.25;0;0.117647059;0.411764706;0.352941176;4.705882353;0.647058824;Olfactory;6.4
PERFUMED;perfumy;12;23;2.48490665;['perfumy_NN'];Source;Source;-0.938599455;15.88087091;69.07146986;0.81886121;0.534519573;;;;;;;;;;;;
PERFUMED;perfume;221;6049;5.398162702;['perfume_NN'];Source;Abstract;-4.774578386;11.67793085;507.2755916;0.567259786;0.811032028;4.66;544.8;4.28;5.71;0.277777778;0.5;0.611111111;0.777777778;5;1.277777778;Olfactory;6.58
PINEAPPLE;pineapple;3432;3274;8.140898461;['pineapple_NN', 'pineapple_JJ'];Source;Source;0.067995231;7.720999573;19338.20936;0.865480427;0.990747331;4.94;688.2;4.41;5.65;0.15;4.5;3.3;0.45;3.4;4.1;Gustatory;6.9
PITHY;pith;227;366;5.424950017;['pith_NN'];Source;Source;-0.689151351;11.63928492;1148.98065;0.830604982;0.887188612;;;;;;;;;;;;
PITHY;pithy;439;659;6.084499413;['pithy_NN', 'pithy_JJ'];Source;Source;-0.586057525;10.68775628;2262.80342;0.835231317;0.925622776;;;3.32;5.4;;;;;;;;4.67
PLEASANT;pleasant;880;13008;6.779921907;['pleasant_JJ'];Evaluative;Evaluative;-3.885751829;9.684473697;2549.743865;0.641281139;0.930604982;1.55;401;2.91;6.7;3.411764706;2.529411765;2.352941176;3.235294118;2.294117647;3.588235294;Visual;7.24
PLEASANT;pleasing;370;3567;5.913503006;['pleasing_JJ'];Evaluative;Evaluative;-3.26911404;10.93445195;1221.129544;0.684697509;0.889323843;2.56;;5.2;6.15;1.736842105;0.842105263;1.526315789;2.736842105;0.736842105;2.526315789;Interoceptive;7.65
PLENTY;plentiful;20;2818;2.995732274;['plentiful_JJ'];Evaluative;Evaluative;-7.138527801;15.14390532;13.99669844;0.358362989;0.346975089;2.11;;;;1.25;0.85;1.8;1;0.85;3.7;Visual;
PLENTY;plenty;1062;48610;6.967909202;['plenty_NN', 'plenty_JJ'];Evaluative;Evaluative;-5.516397463;9.413265359;1866.223954;0.500711744;0.915302491;2.39;325;;;0.923076923;0.435897436;1.41025641;0.974358974;0.358974359;3.564102564;Visual;
PLUM;plum;8413;4702;9.037533408;['plum_NN'];Source;Source;0.839345805;6.427428781;51887.34578;0.897864769;0.996797153;4.85;632.4;2.76;5.26;0;3.777777778;2.444444444;0.166666667;2;3.444444444;Gustatory;6.15
PLUM;plummy;193;143;5.262690189;['plummy_JJ', 'plummy_NN'];Source;Source;0.4325857;11.87337637;1147.401361;0.88113879;0.88683274;;;;;;;;;;;;
PLUMP;plump;598;2317;6.393590754;['plump_JJ', 'plump_NN'];Abstract;Abstract;-1.954040655;10.24183174;2520.976423;0.764412811;0.929893238;4;537.1;4.43;5.22;0.714285714;0.828571429;3.028571429;1.171428571;0.4;3.085714286;Visual;4.95
PLUMP;plumpness;18;73;2.890371758;['plumpness_NN'];Abstract;Abstract;-2.019899557;15.29590841;66.94682082;0.760498221;0.528825623;3;;;;0.421052632;0.368421053;2.684210526;0.894736842;0.052631579;4;Visual;
PLUSH;plush;599;2002;6.395261598;['plush_NN', 'plush_JJ'];Evaluative;Evaluative;-1.740814066;10.23942122;2613.441303;0.779003559;0.931672598;2.96;;3.05;5.62;0.111111111;0;3.444444444;0.222222222;0;3.166666667;Haptic;6.32
POLISHED;polish;29;11259;3.36729583;['polish_NN', 'polish_JJ'];Abstract;Abstract;-8.60081008;14.60785241;-11.69826148;0.25480427;0.252669039;4.23;426.1;3.36;6.38;0.285714286;0.047619048;1.571428571;0.047619048;0.380952381;3.238095238;Visual;6
POLISHED;polished;759;5712;6.632001777;['polished_JJ'];Abstract;Abstract;-2.911824189;9.897877335;2699.417532;0.708540925;0.934163701;3.59;;;;1.111111111;0.277777778;2.5;0.722222222;0.388888889;4.111111111;Visual;
POMEGRANATE;pomegranate;438;1423;6.08221891;['pomegranate_JJ', 'pomegranate_NN'];Source;Source;-1.699932887;10.69104635;1920.998689;0.781494662;0.916370107;4.86;;;;0.272727273;4.454545455;2.681818182;0.409090909;2.681818182;3.636363636;Gustatory;
PORTY;port;176;30547;5.170483995;['port_NN', 'port_JJ'];Source;Source;-7.439311462;12.00640179;76.13526704;0.334875445;0.55088968;4.41;571.7;3.38;5.92;1.117647059;0.470588235;0.529411765;0.235294118;1.235294118;3.588235294;Visual;5.55
PORTY;porty;219;12;5.38907173;['porty_NN', 'porty_JJ'];Source;Source;4.189824559;11.69104635;1841.989107;0.975800712;0.913879004;;;;;;;;;;;;
PRETTY;pretty;1251;31972;7.13169851;['pretty_JJ', 'pretty_NN'];Evaluative;Evaluative;-4.6756553;9.176967336;2926.840023;0.574733096;0.939145907;2.4;419.3;5.5;6.7;0.8;0.1;0.15;1.1;0.6;5;Visual;7.7
PRUNE;prune;1010;1097;6.91770561;['prune_NN', 'prune_JJ'];Source;Source;-0.119208233;9.485693832;5545.648215;0.855516014;0.967259786;4.7;532;3.14;5.55;0.666666667;2.266666667;2.533333333;0.933333333;1.466666667;3.266666667;Visual;4.61
PRUNE;pruney;31;21;3.433987204;['pruney_NN'];Source;Source;0.561878888;14.5116371;173.2381338;0.887188612;0.676512456;;;;;;;;;;;;
PRUNE;pruny;71;9;4.262679877;['pruny_NN'];Source;Source;2.979822118;13.31608629;527.8306306;0.952669039;0.817081851;;;;;;;;;;;;
PURE;pure;1163;32060;7.058758153;['pure_JJ'];Abstract;Abstract;-4.784851424;9.282198029;2632.750602;0.566548043;0.93202847;1.87;353.25;4.05;6.44;1.470588235;1.941176471;0.941176471;1.352941176;1.176470588;2.529411765;Visual;6.8
PURE;purity;160;4746;5.075173815;['purity_NN'];Abstract/Technical;Abstract;-4.89056829;12.14390532;355.4896187;0.556939502;0.771530249;1.73;;3;5.78;1.444444444;0.666666667;0.555555556;2.666666667;0.5;2.944444444;Visual;6.57
RACY;racy;467;898;6.146329258;['racy_JJ', 'racy_NN'];Abstract;Abstract;-0.943292895;10.59855467;2292.646776;0.818505338;0.926690391;1.93;;5.39;6.04;2.2;0.55;1.25;2.15;0.25;4;Visual;4.63
RAISIN;raisin;803;3124;6.688354714;['raisin_NN'];Source;Source;-1.959922561;9.816577233;3384.825099;0.76405694;0.947330961;4.97;663.6;3.65;5.73;0.19047619;4.666666667;2.666666667;0.666666667;2.761904762;3.523809524;Gustatory;6.05
RAISIN;raisiny;429;9;6.061456919;['raisiny_NN', 'raisiny_JJ'];Source;Source;5.574908836;10.72099957;4072.301916;0.991459075;0.955160142;;;;;;;;;;;;
RASPBERRY;raspberry;6288;3414;8.746398334;['raspberry_NN', 'raspberry_JJ'];Source;Source;0.881138159;6.847447908;38966.69099;0.900711744;0.996085409;4.93;675.8;3.71;6.33;0.210526316;4.684210526;3.105263158;0.736842105;2.894736842;4.157894737;Gustatory;7.3
RED__#__CURRANT;red__#__currant;812;62;6.69950034;['red__#__currant_COLL'];Source;Source;3.711139607;9.800497493;4631.395366;0.966548043;0.960142349;;;;;;;;;;;;
REFRESHING;refreshing;973;4957;6.880384082;['refreshing_JJ'];Effect;Evaluative;-2.348955549;9.539537415;3857.189767;0.744128114;0.953380783;2.41;;4;6.3;0.75;2.4;1.35;3.65;1.75;1.55;Interoceptive;7.05
RESINY;resin;198;2242;5.288267031;['resin_NN'];Source;Source;-3.501213943;11.83647679;618.8518526;0.670106762;0.831316726;4.08;;3.68;4.8;0.5;0.5;2.25;0.3125;1.25;2.9375;Visual;4.84
RESINY;resinous;27;104;3.295836866;['resinous_JJ', 'resinous_NN'];Source;Source;-1.945552216;14.71094591;105.8927488;0.764768683;0.6;;;;;;;;;;;;
RESINY;resiny;304;16;5.717027701;['resiny_NN', 'resiny_JJ'];Source;Source;4.247927513;11.2179059;2609.783107;0.976868327;0.931316726;;;;;;;;;;;;
RHUBARB;rhubarb;417;1022;6.033086222;['rhubarb_NN', 'rhubarb_JJ'];Source;Source;-1.293275907;10.76192984;1964.202209;0.801067616;0.919217082;4.86;;4.3;5.73;0;4.375;2;0.125;2.25;3.5625;Gustatory;6.45
RICH;rich;6234;101966;8.73777346;['rich_JJ', 'rich_NN'];Abstract;Abstract;-4.031786208;6.85989097;17385.05356;0.628825623;0.990035587;2.79;534.3;6.81;6.83;1.736842105;1.789473684;1.578947368;2.105263158;0.894736842;3.526315789;Visual;6.83
RICH;richness;1121;3186;7.021976423;['richness_NN', 'richness_JJ'];Abstract;Abstract;-1.506959989;9.335262847;5098.104344;0.789323843;0.964768683;2.04;;;;0.705882353;2.529411765;0.941176471;0.764705882;1.294117647;2.411764706;Gustatory;
RIPE;ripeness;357;275;5.877735782;['ripeness_NN'];Abstract;Abstract;0.376492456;10.98605315;2098.437092;0.877935943;0.922419929;3.33;;;;0.352941176;3.764705882;3;0.588235294;2.470588235;3.941176471;Visual;
RIPE;riper;248;148;5.513428746;['riper_JJ', 'riper_NN'];Abstract;Abstract;0.744742945;11.5116371;1525.120114;0.893950178;0.905338078;2.69;;;;0.307692308;2.461538462;2.461538462;0.076923077;1.923076923;3.615384615;Visual;
RIPE;superripe;199;3;5.293304825;['superripe_NN', 'superripe_JJ'];Abstract;Abstract;6.05166212;11.82920879;1926.454435;0.994661922;0.916725979;;;;;;;;;;;;
RIPE;ripe__#__fruit;1106;248;7.008505182;['ripe__#__fruit_COLL'];Category;Abstract;2.15693936;9.35469774;6529.514145;0.940925267;0.971886121;;;;;;;;;;;;
RIPE;ripe;8363;6667;9.031572493;['ripe_JJ', 'ripe_NN'];Composition;Abstract;0.326982836;6.436028562;48585.02867;0.875800712;0.996441281;3.3;494.1;4.78;5.72;0.636363636;3.227272727;2.909090909;0.454545455;2.590909091;3.318181818;Visual;5.57
RIPE;ripened;20;5;2.995732274;['ripened_JJ'];Composition;Abstract;2;15.14390532;153.3522836;0.93594306;0.660498221;;;;;;;;;;;;
ROASTED;roast;32;6311;3.465735903;['roast_NN', 'roast_JJ'];Abstract;Abstract;-7.623652908;14.46583341;10.19831583;0.320996441;0.328113879;4.4;351;4.05;5.65;1.055555556;3.277777778;1.555555556;0.666666667;3.5;3.333333333;Olfactory;5.74
ROASTED;roasted;1041;3704;6.947937069;['roasted_JJ'];Composition;Abstract;-1.83111403;9.442079057;4500.578853;0.774377224;0.959074733;3.67;;4;5.29;1.722222222;3.166666667;0.722222222;0.333333333;2.277777778;2.888888889;Gustatory;5.6
ROASTED;roasty;21;30;3.044522438;['roasty_JJ'];Composition;Abstract;-0.514573173;15.07351599;120.2345479;0.840213523;0.619217082;;;;;;;;;;;;
ROUND;round;1308;79654;7.176254532;['round_NN', 'round_JJ'];Abstract;Abstract;-5.928312366;9.112686585;1932.342987;0.463345196;0.917081851;3.9;368;2.5;4.78;0.333333333;0;1.833333333;0.444444444;0.055555556;3.555555556;Visual;5.89
ROUND;rounded;472;3069;6.156978986;['rounded_JJ'];Abstract;Abstract;-2.700909881;10.58319036;1759.552424;0.723131673;0.911743772;3.5;;;;0.578947368;0.263157895;2.368421053;0.105263158;0.052631579;3.631578947;Visual;
ROUND;rounder;35;1222;3.555348061;['rounder_JJ', 'rounder_NN'];Abstract;Abstract;-5.125745553;14.33655039;67.0351409;0.535231317;0.529537367;;;;;;;;;;;;
ROUND;roundness;83;324;4.418840608;['roundness_NN'];Abstract;Abstract;-1.964810572;13.09079398;342.0112472;0.763345196;0.765836299;4.07;;;;0.444444444;0.166666667;3.222222222;0.444444444;0;4.277777778;Visual;
RUBBERY;rubber;398;14139;5.986452005;['rubber_NN'];Source;Source;-5.150767846;10.82920879;797.5534145;0.533451957;0.859430605;4.86;;4.14;5.38;0.578947368;0.368421053;4.052631579;0.157894737;2.684210526;4;Haptic;4.37
RUBBERY;rubbery;511;764;6.23636959;['rubbery_JJ', 'rubbery_NN'];Source;Source;-0.580249347;10.46865393;2637.671485;0.836298932;0.932740214;3.24;;;;0.705882353;0.588235294;4.529411765;0;1.058823529;3.647058824;Haptic;
RUSTIC;rustic;511;2687;6.23636959;['rustic_JJ', 'rustic_NN'];Abstract;Abstract;-2.394601125;10.46865393;1997.54656;0.741281139;0.920284698;2.7;;4.45;5.08;0.6875;0.5;1.25;0.375;0.8125;3.75;Visual;6
RUSTIC;rusticity;25;39;3.218875825;['rusticity_NN'];Abstract;Abstract;-0.641546029;14.82197722;138.7686104;0.833096085;0.646619217;;;;;;;;;;;;
SANDALWOOD;sandalwood;721;346;6.580639137;['sandalwood_NN'];Source;Source;1.059227222;9.971977961;4568.249723;0.907829181;0.959786477;4.71;;;;0.176470588;0;1.941176471;0;2.117647059;2.941176471;Visual;
SAVORY;savoriness;25;16;3.218875825;['savoriness_NN'];Effect;Evaluative;0.64385619;14.82197722;162.8248793;0.891103203;0.667615658;;;;;;;;;;;;
SAVORY;savory;1682;1993;7.427738841;['savory_JJ', 'savory_NN'];Effect;Evaluative;-0.244764005;8.74987142;9096.538928;0.851245552;0.977580071;2.36;;;;0.318181818;4.136363636;0.818181818;1.363636364;2.181818182;1.636363636;Gustatory;
SHARP;sharp;1017;38001;6.924612396;['sharp_JJ', 'sharp_NN'];Strong;Evaluative;-5.223645799;9.475729446;2000.81529;0.525622776;0.920640569;3.86;469.5666667;6;4.92;1.142857143;1.095238095;4.476190476;1.142857143;0.380952381;3.714285714;Haptic;5.24
SHARP;sharpness;106;935;4.663439094;['sharpness_NN'];Strong;Evaluative;-3.1409021;12.73791296;354.3442811;0.692882562;0.770462633;2.69;;;;1;0.714285714;3.476190476;0.666666667;0.285714286;3.095238095;Haptic;
SILKY;silky;1773;1951;7.480428306;['silky_JJ', 'silky_NN'];Abstract;Abstract;-0.138021242;8.673856589;9742.256036;0.854092527;0.978647687;4.12;;3.73;5.93;0.785714286;0.285714286;4.642857143;0.428571429;0.071428571;2.857142857;Haptic;7
SILKY;silk;76;12832;4.33073334;['silk_NN'];Source;Source;-7.399530913;13.2179059;35.51339958;0.338078292;0.43772242;4.7;650;3.88;5.55;1.3125;0.3125;3.9375;0.8125;0.5;3.875;Haptic;6.55
SILKY;silkiness;27;16;3.295836866;['silkiness_NN'];Source/Abstract;Abstract;0.754887502;14.71094591;152.6878032;0.89430605;0.659786477;2.93;;;;0.764705882;0.470588235;3.470588235;0.411764706;0;2.117647059;Haptic;
SMOKY;smoke;1486;32481;7.303843225;['smoke_NN'];Source;Source;-4.450090029;8.92861501;3709.549795;0.594661922;0.950533808;4.96;475.6;5;4.17;0.142857143;1.476190476;0.142857143;0.952380952;4.380952381;4.285714286;Olfactory;3.44
SMOKY;smokey;16;1333;2.772588722;['smokey_NN'];Source;Source;-6.380461065;15.46583341;20.90997696;0.420284698;0.373309609;;;;;;;;;;;;
SMOKY;smokiness;36;69;3.583518938;['smokiness_NN', 'smokiness_JJ'];Source;Source;-0.938599455;14.29590841;187.4797039;0.81886121;0.686120996;3.69;;;;0.4375;2;0.4375;0.9375;4.4375;4.0625;Olfactory;
SMOKY;smoky;2384;3501;7.776535028;['smoky_JJ', 'smoky_NN'];Source;Source;-0.554382826;8.24666489;12407.18829;0.837366548;0.982562278;4.04;;4.87;5.26;0.1875;0.9375;0.3125;0.6875;3.8125;3.75;Olfactory;3.73
SMOOTH;smooth;3074;25824;8.030734924;['smooth_JJ', 'smooth_NN'];Abstract;Abstract;-3.070523414;7.87993196;10616.64564;0.698220641;0.98113879;3.81;483.9;2.76;6.26;1.277777778;1.555555556;4.666666667;1.111111111;0.5;3.055555556;Haptic;6.42
SMOOTH;smoothness;76;688;4.33073334;['smoothness_JJ', 'smoothness_NN'];Abstract;Abstract;-3.178337241;13.2179059;263.734262;0.692170819;0.732740214;3.87;;;;0.5;1.8125;4.125;0.8125;0.125;2.875;Haptic;
SNAPPY;snap;76;8753;4.33073334;['snap_NN', 'snap_JJ'];Abstract;Abstract;-6.847634342;13.2179059;65.35195266;0.382562278;0.523843416;4.1;368.8;3.42;4.86;3.736842105;0.052631579;1.789473684;1.263157895;0.105263158;2.947368421;Auditory;4.42
SNAPPY;snappy;480;1217;6.173786104;['snappy_JJ'];Abstract;Abstract;-1.342222857;10.55894281;2243.18269;0.796441281;0.924911032;2.65;;5.05;5.68;2.888888889;0.277777778;0.666666667;1.388888889;0.222222222;2.166666667;Auditory;5.55
SOFT;soft;5022;53999;8.52158354;['soft_JJ'];Abstract;Abstract;-3.426598757;7.171787097;16109.81612;0.674733096;0.988256228;3.88;359.2;3.04;6.1;0.684210526;0.368421053;4.526315789;0.842105263;0.315789474;1.947368421;Haptic;7.13
SOFT;softness;196;1365;5.278114659;['softness_NN'];Abstract;Abstract;-2.799975392;11.85112357;721.4068493;0.717437722;0.848754448;3.1;;5.06;5.92;1.6875;0.5;4.6875;0.875;0.5625;3.0625;Haptic;6.75
SOLID;solid;1514;42974;7.322510434;['solid_JJ', 'solid_NN'];Abstract;Abstract;-4.827026958;8.90168392;3384.496873;0.562633452;0.946975089;4.42;447.9666667;2.36;6.15;1.421052632;1.263157895;4.631578947;0.894736842;0.526315789;4.368421053;Haptic;5.65
SOUR;sour;856;8996;6.752270376;['sour_JJ', 'sour_NN'];Abstract;Abstract;-3.393600959;9.724366424;2773.055183;0.677580071;0.935231317;3.14;425.7;4.95;4.34;0.4375;4.125;0.0625;1.5;2;1.1875;Gustatory;3.95
SOUR;sourness;31;116;3.433987204;['sourness_NN'];Abstract;Abstract;-1.903784685;14.5116371;123.6751689;0.768327402;0.625622776;3.27;;;;0.545454545;4.272727273;0.090909091;1.181818182;1.227272727;0.363636364;Gustatory;
SOUR__#__CHERRY;sour__#__cherry;464;1;6.139884552;['sour__#__cherry_COLL'];Source;Source;8.857980995;10.60785241;3206.568993;0.999288256;0.944128114;;;;;;;;;;;;
SPICY;exotic__#__spice;407;42;6.008813185;['exotic__#__spice_COLL'];Source;Source;3.276567561;10.79694843;2185.240769;0.957295374;0.923843416;;;;;;;;;;;;
SPICY;spiciness;66;97;4.189654742;['spiciness_NN'];Abstract;Abstract;-0.555518723;13.42143929;332.7492959;0.837010676;0.761921708;3.5;;;;0.222222222;4.666666667;0.555555556;1.944444444;2.055555556;1.333333333;Gustatory;
SPICY;spicy;3775;4927;8.236155662;['spicy_NN', 'spicy_JJ'];Abstract;Abstract;-0.384232827;7.583572481;20064.5653;0.846619217;0.991103203;3.31;;6.63;5.55;0.294117647;4.470588235;0.882352941;2.705882353;2.294117647;1.352941176;Gustatory;6.32
SPICY;spice;10164;8598;9.226607344;['spice_NN'];Category;Abstract;0.241395265;6.15465275;58470.62767;0.872597865;0.998576512;4.54;;4.06;6;0.142857143;4.714285714;1.095238095;1.142857143;4;2.428571429;Gustatory;6.55
SPICY;spiced;531;755;6.274762021;['spiced_JJ', 'spiced_NN'];Category;Abstract;-0.507764783;10.41326536;2767.891068;0.841281139;0.934875445;3.23;;;;0.15;4.55;0.05;0.5;2.5;1.6;Gustatory;
STALKY;stalky;432;35;6.068425588;['stalky_JJ', 'stalky_NN'];Source;Source;3.625604485;10.71094591;3514.246216;0.96405694;0.94911032;;;;;;;;;;;;
STALKY;stalk;23;3645;3.135494216;['stalk_NN'];Source;;-7.308141143;14.94227145;10.89157767;0.34341637;0.33202847;3.5;;5.36;3.61;1.75;0.0625;0.75;1.625;0.125;4.375;Visual;
STEELY;steely;338;1072;5.823045895;['steely_JJ', 'steely_NN'];Abstract;Abstract;-1.665209754;11.06495397;1488.489589;0.783985765;0.902491103;2.44;;;;0.625;0.0625;1.75;0.5625;0.1875;2.0625;Visual;
STEMMY;stemmy;211;6;5.351858133;['stemmy_JJ', 'stemmy_NN'];Abstract;Abstract;5.136136688;11.74473422;1911.171794;0.987188612;0.916014235;;;;;;;;;;;;
STEMMY;stem;186;17432;5.225746674;['stem_NN'];Source;Source;-6.55029167;11.9266746;192.0863918;0.40569395;0.689679715;4.63;490.4;3.47;6.19;0.166666667;0.333333333;2.277777778;0.055555556;0.333333333;3.611111111;Visual;5.1
STEMMY;stemminess;15;1;2.708050201;['stemminess_NN', 'stemminess_JJ'];Source;Source;3.906890596;15.55894281;107.8000844;0.969395018;0.602491103;;;;;;;;;;;;
STONEFRUIT;stone__#__fruit;1307;141;7.175489714;['stone__#__fruit_COLL'];Category;Abstract;3.212492073;9.113789984;5976.78518;0.955871886;0.970462633;;;;;;;;;;;;
STONEFRUIT;stonefruit;33;7;3.496507561;['stonefruit_NN'];Category;Abstract;2.237039197;14.42143929;249.7201489;0.942348754;0.72455516;;;;;;;;;;;;
STRAWBERRY;strawberry;2263;7375;7.724446646;['strawberry_NN'];Source;Source;-1.704406465;8.321812541;9954.865214;0.78113879;0.979715302;5;687.5;4.05;5.54;0;4.631578947;2.631578947;1.210526316;3.052631579;3.789473684;Gustatory;7.25
STRUCTURED;structured;514;4775;6.242223265;['structured_JJ'];Abstract;Abstract;-3.215660469;10.46020886;1717.933054;0.688967972;0.909964413;2.64;;;;1.111111111;0.111111111;1.055555556;0.722222222;0.055555556;3.111111111;Visual;
SUBTLE;subtle;1079;16184;6.983789965;['subtle_JJ'];Weak;Evaluative;-3.906801455;9.390354261;3097.74879;0.638078292;0.943060498;1.72;414.6;3.37;5.09;2.333333333;1.333333333;1.055555556;1.277777778;1.333333333;2.277777778;Auditory;5.62
SUBTLE;subtlety;41;2367;3.713572067;['subtlety_NN'];Weak;Evaluative;-5.851291986;14.10828141;65.72366999;0.469395018;0.525978648;1.54;;3.85;5.3;2.631578947;0.315789474;1;1.526315789;0.157894737;2.736842105;Visual;4.6
SUCCULENT;succulence;41;39;3.713572067;['succulence_NN'];Positive;Evaluative;0.072149786;14.10828141;242.2737994;0.865836299;0.720640569;2.46;;;;1.076923077;3.076923077;2.307692308;1.846153846;2;2.538461538;Gustatory;
SUCCULENT;succulent;343;1157;5.837730447;['succulent_JJ', 'succulent_NN'];Positive;Evaluative;-1.754108383;11.04376864;1489.627368;0.778291815;0.902846975;2.75;;5.64;5.89;0.785714286;2.571428571;0.642857143;0.928571429;1.071428571;2.5;Gustatory;6.5
SUGARY;sugar;412;49365;6.021023349;['sugar_NN'];Source;Source;-6.90470038;10.77933288;330.4922188;0.377224199;0.760854093;4.87;625;5.29;6.32;0.416666667;4.638888889;2.361111111;1.027777778;1.055555556;3.222222222;Gustatory;6.56
SUGARY;sugared;98;5;4.584967479;['sugared_JJ'];Source;Source;4.292781749;12.85112357;821.7401809;0.977580071;0.860854093;4.08;;;;0.388888889;4.111111111;1;0.777777778;1.333333333;2.555555556;Gustatory;
SUGARY;sugary;608;1498;6.410174882;['sugary_JJ', 'sugary_NN'];Source;Source;-1.300894395;10.2179059;2856.357148;0.798576512;0.93772242;3.89;;;;0.315789474;4.947368421;1.105263158;1.526315789;1.631578947;1.894736842;Gustatory;
SUPPLE;supple;746;1170;6.6147256;['supple_NN', 'supple_JJ'];Abstract;Abstract;-0.649260994;9.92280159;3819.867534;0.832740214;0.952669039;2.75;;4.09;5.7;0.714285714;0.857142857;2.357142857;1.285714286;0.071428571;3.5;Visual;5.76
SUPPLE;suppleness;19;98;2.944438979;['suppleness_NN'];Abstract;Abstract;-2.366782331;15.2179059;67.04350324;0.743060498;0.529893238;2.84;;;;0.833333333;0.555555556;3.444444444;1.222222222;0.333333333;3.555555556;Visual;
SWEET;sweet;8684;70373;9.069237531;['sweet_JJ', 'sweet_NN'];Abstract;Abstract;-3.018590385;6.381689399;30330.96104;0.701423488;0.994661922;4;401.75;4.14;6.12;0.35;4.1;0.35;0.75;1.65;1;Gustatory;7.77
SWEET;sweetish;26;23;3.258096538;['sweetish_JJ'];Abstract;Abstract;0.176877762;14.76539369;136.9647914;0.870818505;0.644128114;;;;;;;;;;;;
SWEET;sweetness;1109;3354;7.011213987;['sweetness_NN'];Abstract;Abstract;-1.596623323;9.35078976;4974.579192;0.786120996;0.963701068;2.83;;4.37;5.92;0.75;4.2;0.35;1.05;1.55;1.15;Gustatory;7.37
SYRUPY;syrup;128;6785;4.852030264;['syrup_NN'];Source;Source;-5.7281331;12.46583341;209.7972079;0.480782918;0.703558719;4.76;;3.11;5.25;0.35;4.6;2.65;0.15;2.6;4.1;Gustatory;6.44
SYRUPY;syrupy;438;376;6.08221891;['syrupy_NN', 'syrupy_JJ'];Source;Source;0.220198208;10.69104635;2501.285676;0.872241993;0.929181495;3.77;;;;0.25;3.875;3.0625;0.4375;1.4375;3.3125;Gustatory;
TANGERINE;tangerine;1001;972;6.908754779;['tangerine_NN', 'tangerine_JJ'];Source;Source;0.042413755;9.498607151;5630.503948;0.864412811;0.96797153;4.81;526.2;3.9;6;0.105263158;4.210526316;2.473684211;0.421052632;2.684210526;3.473684211;Gustatory;6.81
TANGY;tangy;1297;974;7.167809184;['tangy_JJ', 'tangy_NN'];Abstract;Abstract;0.413184802;9.124870646;7625.989763;0.879715302;0.975800712;3.68;;;;0.285714286;4.085714286;0.342857143;0.857142857;1.085714286;0.542857143;Gustatory;
TANGY;tang;191;2733;5.252273428;['tang_NN', 'tang_JJ'];Meta-sensory;x;-3.838840916;11.88840458;552.5192408;0.64519573;0.819572954;4.42;;4.05;5.32;0.2;3.6;0.733333333;1.2;1;1.866666667;Gustatory;
TANNIC;tannic;1651;155;7.409136444;['tannic_JJ', 'tannic_NN'];Category;Abstract;3.413;8.776709005;13109.50929;0.958718861;0.983629893;;;;;;;;;;;;
TANNIC;tannin;6758;654;8.818482267;['tannin_NN', 'tannin_JJ'];Category;Abstract;3.36923381;6.743452775;53505.08041;0.957651246;0.997153025;;;;;;;;;;;;
TART;tart;2776;4027;7.928766322;['tart_NN', 'tart_JJ'];Source;Source;-0.536697904;8.027041557;14479.63979;0.838434164;0.986476868;3.27;;4.8;5.68;0.235294118;4.176470588;0.352941176;1.235294118;1.176470588;1.352941176;Gustatory;5.43
TART;tartness;127;128;4.844187086;['tartness_NN'];Source;Source;-0.011315313;12.47714872;697.0526009;0.862633452;0.843060498;3.22;;;;0.388888889;4.444444444;0.166666667;0.722222222;1.111111111;0.444444444;Gustatory;
TAUT;taut;403;2105;5.998936562;['taut_JJ', 'taut_NN'];Abstract;Abstract;-2.384968489;10.81119738;1576.38305;0.742348754;0.906405694;3.92;;4.29;4.73;0.5;0;3.125;0.875;0.125;4.0625;Visual;4.25
TEXTURED;textured;661;446;6.49375384;['textured_JJ'];Abstract;Abstract;0.567606562;10.09732695;3963.214352;0.887544484;0.954448399;3.5;;;;0.588235294;0.470588235;4.352941176;0.588235294;0.058823529;2.529411765;Haptic;
THICK;thick;1280;41961;7.154615357;['thick_JJ', 'thick_NN'];Abstract;Abstract;-5.034833345;9.143905315;2684.999579;0.544483986;0.933807829;4;429.4;3.13;5.72;0.421052632;0.578947368;4;0.736842105;0.105263158;3.631578947;Haptic;4.63
THICK;thickness;58;4356;4.060443011;['thickness_NN'];Abstract;Abstract;-6.230807244;13.60785241;70.86226061;0.439145907;0.539145907;3.37;;3.74;4.95;0.611111111;0.166666667;3.388888889;0.222222222;0;3.611111111;Visual;5.19
TIGHT;tight;1662;37002;7.415776975;['tight_JJ'];Abstract;Abstract;-4.476610965;8.767128743;4118.980768;0.591814947;0.955871886;3.87;477.1;;;0.105263158;0;3.263157895;1.789473684;0;2.157894737;Haptic;
TIGHT;tightness;24;888;3.17805383;['tightness_NN'];Abstract;Abstract;-5.209453366;14.88087091;51.30699787;0.528113879;0.486476868;2.79;;;;0.894736842;0.263157895;3.894736842;2.473684211;0.263157895;3.421052632;Haptic;
TOASTY;toast;2628;10426;7.87397838;['toast_NN', 'toast_JJ'];Composition;Abstract;-1.988148584;8.10608385;11062.26497;0.761565836;0.981494662;4.93;545.4;3.65;6.39;0.823529412;4.647058824;3.352941176;0.529411765;3.529411765;4.294117647;Gustatory;6.73
TOASTY;toasted;175;346;5.164785974;['toasted_JJ', 'toasted_NN'];Composition;Abstract;-0.983417116;12.0146223;848.1517347;0.816370107;0.863345196;;;;;;;;;;;;
TOASTY;toastiness;54;9;3.988984047;['toastiness_NN'];Composition;Abstract;2.584962501;13.71094591;383.5532196;0.946975089;0.780782918;;;;;;;;;;;;
TOASTY;toasty;1569;597;7.358193753;['toasty_NN', 'toasty_JJ'];Composition;Abstract;1.394042516;8.850203773;10290.89932;0.919217082;0.980071174;3.38;;4.65;5.57;0.842105263;2.736842105;2.631578947;2.421052632;1.842105263;2.842105263;Visual;6.05
TOBACCO;tobacco;2400;18907;7.783224016;['tobacco_NN'];Source;Source;-2.977814156;8.23701472;8455.521596;0.704270463;0.977224199;4.88;633.3;5;4.13;0.529411765;2.941176471;2.764705882;1.176470588;3.705882353;3.764705882;Visual;3.37
TOBACCO;tobaccoey;14;4;2.63905733;['tobaccoey_JJ', 'tobaccoey_NN'];Source;Source;1.807354922;15.65847849;82.04432343;0.931672598;0.561921708;;;;;;;;;;;;
TROPICAL;tropical;632;10580;6.448889394;['tropical_JJ'];Abstract;Abstract;-4.065271259;10.16205266;1753.918315;0.62633452;0.9113879;3.25;;4.3;5.62;1.5;1.111111111;1.277777778;1.277777778;2.222222222;3.722222222;Visual;7.05
TROPICAL;tropical__#__fruit;1665;283;7.417580402;['tropical__#__fruit_COLL'];Category;Abstract;2.556648219;8.764526948;8321.565917;0.946619217;0.976868327;;;;;;;;;;;;
VANILLA;vanilla;6275;8591;8.744328764;['vanilla_NN'];Source;Source;-0.453210613;6.850433666;33059.47735;0.842704626;0.995373665;4.68;;3.62;5.74;0;4.555555556;0.833333333;0.055555556;3.555555556;2.611111111;Gustatory;7.42
VARIETAL;varietal;922;410;6.826545224;['varietal_JJ', 'varietal_NN'];Abstract;Abstract;1.169142841;9.61721047;5883.079884;0.910676157;0.96975089;;;;;;;;;;;;
VARIETAL;variety;215;63712;5.370638028;['variety_NN'];Domain-specific;x;-8.211084656;11.71764056;-22.8391794;0.280782918;0.204626335;2.13;;5.16;5.76;2.1875;1.8125;2;1.375;1.8125;4.125;Visual;
VEGETAL;vegetal;485;191;6.184148891;['vegetal_JJ', 'vegetal_NN'];Category;Abstract;1.344412109;10.54399247;3173.359911;0.917081851;0.943772242;;;;;;;;;;;;
VELVETY;velvet;261;6302;5.564520407;['velvet_NN', 'velvet_JJ'];Source;Source;-4.593688042;11.43792741;631.2426242;0.583274021;0.832740214;4.44;;4.53;6;0.647058824;0.764705882;3.764705882;0.647058824;0.470588235;3.588235294;Haptic;6.3
VELVETY;velvety;1057;842;6.963189986;['velvety_NN', 'velvety_JJ'];Source;Source;0.328083238;9.420073749;6154.562719;0.876156584;0.971174377;3.9;;;;0.944444444;1;4.277777778;0.666666667;0;3.166666667;Haptic;
VIBRANT;vibrancy;30;529;3.401197382;['vibrancy_NN'];Abstract;Abstract;-4.140233317;14.55894281;76.00524216;0.622419929;0.550533808;2.43;;;;2.15;0.2;0.2;1.25;0.15;3.65;Visual;
VIBRANT;vibrant;853;6454;6.748759547;['vibrant_JJ'];Abstract;Abstract;-2.919575931;9.729431479;3044.285776;0.708185053;0.942348754;2.38;;5.96;5.95;0.875;0.4375;0.8125;1.625;0.5;4.4375;Visual;7.37
VIOLET;violet;906;6537;6.809039306;['violet_NN', 'violet_JJ'];Source;Source;-2.851045742;9.64246617;3261.694979;0.71316726;0.944839858;4.48;602.9;4.09;6.4;0.052631579;0.052631579;1.052631579;0;1.631578947;4.526315789;Visual;6.36
WARM;warm;1085;62779;6.989335266;['warm_JJ', 'warm_NN'];Abstract;Abstract;-5.854515101;9.382354083;1659.00478;0.469039146;0.908540925;3.56;336.1333333;3.35;6.33;0.428571429;1;3.714285714;3;0.285714286;0.761904762;Haptic;7.5
WARM;warming;36;19795;3.583518938;['warming_NN'];Abstract;Abstract;-9.102923445;14.29590841;-27.56526599;0.216370107;0.190391459;3.34;;;;0.388888889;0.527777778;3.944444444;3.333333333;0.638888889;1.222222222;Haptic;
WARM;warmth;168;9942;5.123963979;['warmth_NN'];Abstract;Abstract;-5.887002965;12.07351599;255.6297611;0.465480427;0.727402135;3.39;391.8;4.33;6.32;0.052631579;0.578947368;3.736842105;3;0.105263158;0.947368421;Haptic;7.53
WEIGHTY;weight;1218;92335;7.104965448;['weight_NN', 'weight_JJ'];Abstract;Abstract;-6.244291573;9.215534992;1527.357877;0.436654804;0.90569395;3.94;468.6;4.05;5.95;0.823529412;0.058823529;2.529411765;1.941176471;0.117647059;3;Visual;3.91
WEIGHTY;weighty;196;1384;5.278114659;['weighty_JJ', 'weighty_NN'];Abstract;Abstract;-2.819918384;11.85112357;718.6698105;0.716014235;0.847686833;2.76;;;;0.647058824;0.058823529;3.352941176;1.058823529;0;2.941176471;Haptic;
WILD;wild;1000;59002;6.907755279;['wild_JJ', 'wild_NN'];Abstract;Abstract;-5.882691953;9.500049125;1509.706028;0.466192171;0.903558719;2.41;457.1;5.9;5.72;2.382352941;0.705882353;0.911764706;2.441176471;1.235294118;3.323529412;Visual;5.94
WOODY;wood;2445;72937;7.801800402;['wood_NN'];Category;Abstract;-4.898744491;8.21021466;5355.780839;0.556227758;0.966192171;4.85;649.7333333;3.5;6.37;0.578947368;0.315789474;3.368421053;0.368421053;1.894736842;4.263157895;Visual;5.82
WOODY;wooded;19;1871;2.944438979;['wooded_JJ'];Category;Abstract;-6.62166633;15.2179059;16.90606883;0.399288256;0.358007117;4.46;;;;0.588235294;0.058823529;1.588235294;0;1.411764706;4.058823529;Visual;
WOODY;woodiness;13;9;2.564949357;['woodiness_NN'];Category;Abstract;0.530514717;15.76539369;89.27983147;0.884697509;0.577580071;3.39;;;;0.611111111;0.555555556;2.5;0.444444444;1.666666667;3.388888889;Visual;
WOODY;woodsy;67;327;4.204692619;['woodsy_JJ', 'woodsy_NN'];Category;Abstract;-2.287057635;13.39974422;259.9347681;0.747686833;0.731316726;3.08;;;;0.777777778;0.166666667;0.944444444;0.388888889;2.388888889;3.555555556;Visual;
WOODY;woody;476;7651;6.165417854;['woody_NN', 'woody_JJ'];Category;Abstract;-4.006614844;10.57101565;1341.789116;0.630960854;0.895017794;3.12;;;;0.466666667;0.066666667;2.266666667;0.266666667;0.866666667;3.866666667;Visual;
YEASTY;yeast;264;4146;5.575949103;['yeast_NN'];Source;Source;-3.973110282;11.42143929;752.8634693;0.632740214;0.851601423;4.72;459.4;3.26;4.8;0.421052632;2.684210526;1.157894737;0.421052632;2.526315789;2.947368421;Visual;4.58
YEASTY;yeastiness;21;2;3.044522438;['yeastiness_NN'];Source;Source;3.392317423;15.07351599;182.5197026;0.958007117;0.683629893;;;;;;;;;;;;
YEASTY;yeasty;411;175;6.018593214;['yeasty_JJ', 'yeasty_NN'];Source;Source;1.231783472;10.78283883;2633.171131;0.912811388;0.932384342;2.96;;;;0.066666667;1.466666667;0.4;0.266666667;1.466666667;2.066666667;Visual;
ZESTY;zest;195;2845;5.272999559;['zest_NN'];Category;Abstract;-3.866882623;11.8585031;560.4614229;0.642704626;0.820996441;2.27;403.3;5.41;6.58;0.888888889;2;0.888888889;1.722222222;1.722222222;2.611111111;Visual;6.76
ZESTY;zestiness;20;7;2.995732274;['zestiness_NN'];Category;Abstract;1.514573173;15.14390532;145.9498944;0.923843416;0.653736655;;;;;;;;;;;;
ZESTY;zesty;1094;345;6.997595983;['zesty_JJ', 'zesty_NN'];Category;Abstract;1.664944471;9.370436387;7358.240581;0.927758007;0.97366548;3.18;;;;0.263157895;3.736842105;0.263157895;1.631578947;2.263157895;0.842105263;Gustatory;
